/*---------------PRIVATE----------------------------------------*/
INSERT INTO private.departamentos values 
(1, 'AMAZONAS'), (2, 'ANCASH'), (3, 'APURIMAC'),
(4, 'AREQUIPA'), (5, 'AYACUCHO'), (6, 'CAJAMARCA'),
(7, 'CALLAO'), (8, 'CUSCO'),(9, 'HUANCAVELICA'),
(10, 'HUANUCO'), (11, 'ICA'), (12, 'JUNIN'), (13, 'LA LIBERTAD'),
(14, 'LAMBAYEQUE'), (15, 'LIMA'), (16, 'LORETO'), (17, 'MADRE DE DIOS'),
(18, 'MOQUEGUA'), (19, 'PASCO'), (20, 'PIURA'), (21, 'PUNO'), (22, 'SAN MARTIN'),
(23, 'TACNA'), (24, 'TUMBES'), (25, 'UCAYALI');
select * from private.departamentos;

INSERT INTO private.provincias (provincia_id, provincia, departamento_id) VALUES
(1, 'CHACHAPOYAS ', 1), (2, 'BAGUA', 1), (3, 'BONGARA', 1), (4, 'CONDORCANQUI', 1), (5, 'LUYA', 1), (6, 'RODRIGUEZ DE MENDOZA', 1), 
(7, 'UTCUBAMBA', 1), (8, 'HUARAZ', 2), (9, 'AIJA', 2), (10, 'ANTONIO RAYMONDI', 2), (11, 'ASUNCION', 2), (12, 'BOLOGNESI', 2), 
(13, 'CARHUAZ', 2), (14, 'CARLOS FERMIN FITZCARRALD', 2), (15, 'CASMA', 2), (16, 'CORONGO', 2), (17, 'HUARI', 2), (18, 'HUARMEY', 2), 
(19, 'HUAYLAS', 2), (20, 'MARISCAL LUZURIAGA', 2), (21, 'OCROS', 2), (22, 'PALLASCA', 2), (23, 'POMABAMBA', 2), (24, 'RECUAY', 2), 
(25, 'SANTA', 2), (26, 'SIHUAS', 2), (27, 'YUNGAY', 2), (28, 'ABANCAY', 3), (29, 'ANDAHUAYLAS', 3), (30, 'ANTABAMBA', 3), (31, 'AYMARAES', 3),
(32, 'COTABAMBAS', 3), (33, 'CHINCHEROS', 3), (34, 'GRAU', 3), (35, 'AREQUIPA', 4), (36, 'CAMANA', 4), (37, 'CARAVELI', 4), (38, 'CASTILLA', 4),
(39, 'CAYLLOMA', 4), (40, 'CONDESUYOS', 4), (41, 'ISLAY', 4), (42, 'LA UNION', 4), (43, 'HUAMANGA', 5), (44, 'CANGALLO', 5), 
(45, 'HUANCA SANCOS', 5), (46, 'HUANTA', 5), (47, 'LA MAR', 5), (48, 'LUCANAS', 5), (49, 'PARINACOCHAS', 5), (50, 'PAUCAR DEL SARA SARA', 5), 
(51, 'SUCRE', 5), (52, 'VICTOR FAJARDO', 5), (53, 'VILCAS HUAMAN', 5), (54, 'CAJAMARCA', 6), (55, 'CAJABAMBA', 6), (56, 'CELENDIN', 6), 
(57, 'CHOTA ', 6), (58, 'CONTUMAZA', 6), (59, 'CUTERVO', 6), (60, 'HUALGAYOC', 6), (61, 'JAEN', 6), (62, 'SAN IGNACIO', 6), 
(63, 'SAN MARCOS', 6), (64, 'SAN PABLO', 6), (65, 'SANTA CRUZ', 6), (66, 'CALLAO', 7), (67, 'CUSCO', 8), (68, 'ACOMAYO', 8), 
(69, 'ANTA', 8), (70, 'CALCA', 8), (71, 'CANAS', 8), (72, 'CANCHIS', 8), (73, 'CHUMBIVILCAS', 8), (74, 'ESPINAR', 8), (75, 'LA CONVENCION', 8), 
(76, 'PARURO', 8), (77, 'PAUCARTAMBO', 8), (78, 'QUISPICANCHI', 8), (79, 'URUBAMBA', 8), (80, 'HUANCAVELICA', 9), (81, 'ACOBAMBA', 9), 
(82, 'ANGARAES', 9), (83, 'CASTROVIRREYNA', 9), (84, 'CHURCAMPA', 9), (85, 'HUAYTARA', 9), (86, 'TAYACAJA', 9), (87, 'HUANUCO', 10), 
(88, 'AMBO', 10), (89, 'DOS DE MAYO', 10), (90, 'HUACAYBAMBA', 10), (91, 'HUAMALIES', 10), (92, 'LEONCIO PRADO', 10), (93, 'MARA&Ntilde;ON', 10),
(94, 'PACHITEA', 10), (95, 'PUERTO INCA', 10), (96, 'LAURICOCHA', 10), (97, 'YAROWILCA', 10), (98, 'ICA', 11), (99, 'CHINCHA', 11), 
(100, 'NAZCA', 11), (101, 'PALPA', 11), (102, 'PISCO', 11), (103, 'HUANCAYO', 12), (104, 'CONCEPCION', 12), (105, 'CHANCHAMAYO', 12), 
(106, 'JAUJA', 12), (107, 'JUNIN', 12), (108, 'SATIPO', 12), (109, 'TARMA', 12), (110, 'YAULI', 12), (111, 'CHUPACA', 12), 
(112, 'TRUJILLO', 13), (113, 'ASCOPE', 13), (114, 'BOLIVAR', 13), (115, 'CHEPEN', 13), (116, 'JULCAN', 13), (117, 'OTUZCO', 13), 
(118, 'PACASMAYO', 13), (119, 'PATAZ', 13), (120, 'SANCHEZ CARRION', 13), (121, 'SANTIAGO DE CHUCO', 13), (122, 'GRAN CHIMU', 13), 
(123, 'VIRU', 13), (124, 'CHICLAYO', 14), (125, 'FERRE&Ntilde;AFE', 14), (126, 'LAMBAYEQUE', 14), (127, 'LIMA', 15), (128, 'BARRANCA', 15), 
(129, 'CAJATAMBO', 15), (130, 'CANTA', 15), (131, 'CA&Ntilde;ETE', 15), (132, 'HUARAL', 15), (133, 'HUAROCHIRI', 15), (134, 'HUAURA', 15), 
(135, 'OYON', 15), (136, 'YAUYOS', 15), (137, 'MAYNAS', 16), (138, 'ALTO AMAZONAS', 16), (139, 'LORETO', 16), 
(140, 'MARISCAL RAMON CASTILLA', 16), (141, 'REQUENA', 16), (142, 'UCAYALI', 16), (143, 'TAMBOPATA', 17), (144, 'MANU', 17), 
(145, 'TAHUAMANU', 17), (146, 'MARISCAL NIETO', 18), (147, 'GENERAL SANCHEZ CERRO', 18), (148, 'ILO', 18), (149, 'PASCO', 19), 
(150, 'DANIEL ALCIDES CARRION', 19), (151, 'OXAPAMPA', 19), (152, 'PIURA', 20), (153, 'AYABACA', 20), (154, 'HUANCABAMBA', 20), 
(155, 'MORROPON', 20), (156, 'PAITA', 20), (157, 'SULLANA', 20), (158, 'TALARA', 20), (159, 'SECHURA', 20), (160, 'PUNO', 21), 
(161, 'AZANGARO', 21), (162, 'CARABAYA', 21), (163, 'CHUCUITO', 21), (164, 'EL COLLAO', 21), (165, 'HUANCANE', 21), (166, 'LAMPA', 21), 
(167, 'MELGAR', 21), (168, 'MOHO', 21), (169, 'SAN ANTONIO DE PUTINA', 21), (170, 'SAN ROMAN', 21), (171, 'SANDIA', 21), (172, 'YUNGUYO', 21), 
(173, 'MOYOBAMBA', 22), (174, 'BELLAVISTA', 22), (175, 'EL DORADO', 22), (176, 'HUALLAGA', 22), (177, 'LAMAS', 22),
(178, 'MARISCAL CACERES', 22), (179, 'PICOTA', 22), (180, 'RIOJA', 22), (181, 'SAN MARTIN', 22), (182, 'TOCACHE', 22), (183, 'TACNA', 23), 
(184, 'CANDARAVE', 23), (185, 'JORGE BASADRE', 23), (186, 'TARATA', 23), (187, 'TUMBES', 24), (188, 'CONTRALMIRANTE VILLAR', 24), 
(189, 'ZARUMILLA', 24), (190, 'CORONEL PORTILLO', 25), (191, 'ATALAYA', 25), (192, 'PADRE ABAD', 25), (193, 'PURUS', 25);
select * from private.provincias;

INSERT INTO private.distritos (distrito_id, distrito, provincia_id) VALUES
(1, 'CHACHAPOYAS', 1), (2, 'ASUNCION', 1), (3, 'BALSAS', 1), (4, 'CHETO', 1), (5, 'CHILIQUIN', 1), (6, 'CHUQUIBAMBA', 1), (7, 'GRANADA', 1), (8, 'HUANCAS', 1), 
(9, 'LA JALCA', 1), (10, 'LEIMEBAMBA', 1), (11, 'LEVANTO', 1), (12, 'MAGDALENA', 1), (13, 'MARISCAL CASTILLA', 1), (14, 'MOLINOPAMPA', 1), (15, 'MONTEVIDEO', 1), 
(16, 'OLLEROS', 1), (17, 'QUINJALCA', 1), (18, 'SAN FRANCISCO DE DAGUAS', 1), (19, 'SAN ISIDRO DE MAINO', 1), (20, 'SOLOCO', 1), (21, 'SONCHE', 1), 
(22, 'LA PECA', 2), (23, 'ARAMANGO', 2), (24, 'COPALLIN', 2), (25, 'EL PARCO', 2), (26, 'IMAZA', 2), (27, 'JUMBILLA', 3), (28, 'CHISQUILLA', 3), 
(29, 'CHURUJA', 3), (30, 'COROSHA', 3), (31, 'CUISPES', 3), (32, 'FLORIDA', 3), (33, 'JAZAN', 3), (34, 'RECTA', 3), (35, 'SAN CARLOS', 3), 
(36, 'SHIPASBAMBA', 3), (37, 'VALERA', 3), (38, 'YAMBRASBAMBA', 3), (39, 'NIEVA', 4), (40, 'EL CENEPA', 4), (41, 'RIO SANTIAGO', 4), (42, 'LAMUD', 5), 
(43, 'CAMPORREDONDO', 5), (44, 'COCABAMBA', 5), (45, 'COLCAMAR', 5), (46, 'CONILA', 5), (47, 'INGUILPATA', 5), (48, 'LONGUITA', 5), (49, 'LONYA CHICO', 5), 
(50, 'LUYA', 5), (51, 'LUYA VIEJO', 5), (52, 'MARIA', 5), (53, 'OCALLI', 5), (54, 'OCUMAL', 5), (55, 'PISUQUIA', 5), (56, 'PROVIDENCIA', 5), 
(57, 'SAN CRISTOBAL', 5), (58, 'SAN FRANCISCO DEL YESO', 5), (59, 'SAN JERONIMO', 5), (60, 'SAN JUAN DE LOPECANCHA', 5), (61, 'SANTA CATALINA', 5), 
(62, 'SANTO TOMAS', 5), (63, 'TINGO', 5), (64, 'TRITA', 5), (65, 'SAN NICOLAS', 6), (66, 'CHIRIMOTO', 6), (67, 'COCHAMAL', 6), (68, 'HUAMBO', 6), 
(69, 'LIMABAMBA', 6), (70, 'LONGAR', 6), (71, 'MARISCAL BENAVIDES', 6), (72, 'MILPUC', 6), (73, 'OMIA', 6), (74, 'SANTA ROSA', 6), (75, 'TOTORA', 6), 
(76, 'VISTA ALEGRE', 6), (77, 'BAGUA GRANDE', 7), (78, 'CAJARURO', 7), (79, 'CUMBA', 7), (80, 'EL MILAGRO', 7), (81, 'JAMALCA', 7), (82, 'LONYA GRANDE', 7), 
(83, 'YAMON', 7), (84, 'HUARAZ', 8), (85, 'COCHABAMBA', 8), (86, 'COLCABAMBA', 8), (87, 'HUANCHAY', 8), (88, 'INDEPENDENCIA', 8), (89, 'JANGAS', 8), 
(90, 'LA LIBERTAD', 8), (91, 'OLLEROS', 8), (92, 'PAMPAS', 8), (93, 'PARIACOTO', 8), (94, 'PIRA', 8), (95, 'TARICA', 8), (96, 'AIJA', 9), (97, 'CORIS', 9),
(98, 'HUACLLAN', 9), (99, 'LA MERCED', 9), (100, 'SUCCHA', 9), (101, 'LLAMELLIN', 10), (102, 'ACZO', 10), (103, 'CHACCHO', 10), (104, 'CHINGAS', 10), 
(105, 'MIRGAS', 10), (106, 'SAN JUAN DE RONTOY', 10), (107, 'CHACAS', 11), (108, 'ACOCHACA', 11), (109, 'CHIQUIAN', 12), (110, 'ABELARDO PARDO LEZAMETA', 12), 
(111, 'ANTONIO RAYMONDI', 12), (112, 'AQUIA', 12), (113, 'CAJACAY', 12), (114, 'CANIS', 12), (115, 'COLQUIOC', 12), (116, 'HUALLANCA', 12), (117, 'HUASTA', 12), 
(118, 'HUAYLLACAYAN', 12), (119, 'LA PRIMAVERA', 12), (120, 'MANGAS', 12), (121, 'PACLLON', 12), (122, 'SAN MIGUEL DE CORPANQUI', 12), (123, 'TICLLOS', 12),
(124, 'CARHUAZ', 13), (125, 'ACOPAMPA', 13), (126, 'AMASHCA', 13), (127, 'ANTA', 13), (128, 'ATAQUERO', 13), (129, 'MARCARA', 13), (130, 'PARIAHUANCA', 13),
(131, 'SAN MIGUEL DE ACO', 13), (132, 'SHILLA', 13), (133, 'TINCO', 13), (134, 'YUNGAR', 13), (135, 'SAN LUIS', 14), (136, 'SAN NICOLAS', 14),
(137, 'YAUYA', 14), (138, 'CASMA', 15), (139, 'BUENA VISTA ALTA', 15), (140, 'COMANDANTE NOEL', 15), (141, 'YAUTAN', 15), (142, 'CORONGO', 16),
(143, 'ACO', 16), (144, 'BAMBAS', 16), (145, 'CUSCA', 16), (146, 'LA PAMPA', 16), (147, 'YANAC', 16), (148, 'YUPAN', 16), (149, 'HUARI', 17),
(150, 'ANRA', 17), (151, 'CAJAY', 17), (152, 'CHAVIN DE HUANTAR', 17), (153, 'HUACACHI', 17), (154, 'HUACCHIS', 17), (155, 'HUACHIS', 17), 
(156, 'HUANTAR', 17), (157, 'MASIN', 17), (158, 'PAUCAS', 17), (159, 'PONTO', 17), (160, 'RAHUAPAMPA', 17), (161, 'RAPAYAN', 17), (162, 'SAN MARCOS', 17), 
(163, 'SAN PEDRO DE CHANA', 17), (164, 'UCO', 17), (165, 'HUARMEY', 18), (166, 'COCHAPETI', 18), (167, 'CULEBRAS', 18), (168, 'HUAYAN', 18),
(169, 'MALVAS', 18), (170, 'CARAZ', 26), (171, 'HUALLANCA', 26), (172, 'HUATA', 26), (173, 'HUAYLAS', 26), (174, 'MATO', 26), (175, 'PAMPAROMAS', 26),
(176, 'PUEBLO LIBRE', 26), (177, 'SANTA CRUZ', 26), (178, 'SANTO TORIBIO', 26), (179, 'YURACMARCA', 26), (180, 'PISCOBAMBA', 27), (181, 'CASCA', 27),
(182, 'ELEAZAR GUZMAN BARRON', 27), (183, 'FIDEL OLIVAS ESCUDERO', 27), (184, 'LLAMA', 27), (185, 'LLUMPA', 27), (186, 'LUCMA', 27), (187, 'MUSGA', 27),
(188, 'OCROS', 21), (189, 'ACAS', 21), (190, 'CAJAMARQUILLA', 21), (191, 'CARHUAPAMPA', 21), (192, 'COCHAS', 21), (193, 'CONGAS', 21), (194, 'LLIPA', 21), 
(195, 'SAN CRISTOBAL DE RAJAN', 21), (196, 'SAN PEDRO', 21), (197, 'SANTIAGO DE CHILCAS', 21), (198, 'CABANA', 22), (199, 'BOLOGNESI', 22),
(200, 'CONCHUCOS', 22), (201, 'HUACASCHUQUE', 22), (202, 'HUANDOVAL', 22), (203, 'LACABAMBA', 22), (204, 'LLAPO', 22), (205, 'PALLASCA', 22), 
(206, 'PAMPAS', 22), (207, 'SANTA ROSA', 22), (208, 'TAUCA', 22), (209, 'POMABAMBA', 23), (210, 'HUAYLLAN', 23), (211, 'PAROBAMBA', 23), 
(212, 'QUINUABAMBA', 23), (213, 'RECUAY', 24), (214, 'CATAC', 24), (215, 'COTAPARACO', 24), (216, 'HUAYLLAPAMPA', 24), (217, 'LLACLLIN', 24), 
(218, 'MARCA', 24), (219, 'PAMPAS CHICO', 24), (220, 'PARARIN', 24), (221, 'TAPACOCHA', 24), (222, 'TICAPAMPA', 24), (223, 'CHIMBOTE', 25), 
(224, 'CACERES DEL PERU', 25), (225, 'COISHCO', 25), (226, 'MACATE', 25), (227, 'MORO', 25), (228, 'NEPE&Ntilde;A', 25), (229, 'SAMANCO', 25), 
(230, 'SANTA', 25), (231, 'NUEVO CHIMBOTE', 25), (232, 'SIHUAS', 26), (233, 'ACOBAMBA', 26), (234, 'ALFONSO UGARTE', 26), (235, 'CASHAPAMPA', 26), 
(236, 'CHINGALPO', 26), (237, 'HUAYLLABAMBA', 26), (238, 'QUICHES', 26), (239, 'RAGASH', 26), (240, 'SAN JUAN', 26), (241, 'SICSIBAMBA', 26), 
(242, 'YUNGAY', 27), (243, 'CASCAPARA', 27), (244, 'MANCOS', 27), (245, 'MATACOTO', 27), (246, 'QUILLO', 27), (247, 'RANRAHIRCA', 27),
(248, 'SHUPLUY', 27), (249, 'YANAMA', 27), (250, 'ABANCAY', 28), (251, 'CHACOCHE', 28), (252, 'CIRCA', 28), (253, 'CURAHUASI', 28), 
(254, 'HUANIPACA', 28), (255, 'LAMBRAMA', 28), (256, 'PICHIRHUA', 28), (257, 'SAN PEDRO DE CACHORA', 28), (258, 'TAMBURCO', 28), (259, 'ANDAHUAYLAS', 29), 
(260, 'ANDARAPA', 29), (261, 'CHIARA', 29), (262, 'HUANCARAMA', 29), (263, 'HUANCARAY', 29), (264, 'HUAYANA', 29), (265, 'KISHUARA', 29),
(266, 'PACOBAMBA', 29), (267, 'PACUCHA', 29), (268, 'PAMPACHIRI', 29), (269, 'POMACOCHA', 29), (270, 'SAN ANTONIO DE CACHI', 29), 
(271, 'SAN JERONIMO', 29), (272, 'SAN MIGUEL DE CHACCRAMPA', 29), (273, 'SANTA MARIA DE CHICMO', 29), (274, 'TALAVERA', 29), (275, 'TUMAY HUARACA', 29), 
(276, 'TURPO', 29), (277, 'KAQUIABAMBA', 29), (278, 'ANTABAMBA', 30), (279, 'EL ORO', 30), (280, 'HUAQUIRCA', 30), (281, 'JUAN ESPINOZA MEDRANO', 30), 
(282, 'OROPESA', 30), (283, 'PACHACONAS', 30), (284, 'SABAINO', 30), (285, 'CHALHUANCA', 31), (286, 'CAPAYA', 31), (287, 'CARAYBAMBA', 31), 
(288, 'CHAPIMARCA', 31), (289, 'COLCABAMBA', 31), (290, 'COTARUSE', 31), (291, 'HUAYLLO', 31), (292, 'JUSTO APU SAHUARAURA', 31), 
(293, 'LUCRE', 31), (294, 'POCOHUANCA', 31), (295, 'SAN JUAN DE CHAC&Ntilde;A', 31), (296, 'SA&Ntilde;AYCA', 31), (297, 'SORAYA', 31),
(298, 'TAPAIRIHUA', 31), (299, 'TINTAY', 31), (300, 'TORAYA', 31), (301, 'YANACA', 31), (302, 'TAMBOBAMBA', 32), (303, 'COTABAMBAS', 32), 
(304, 'COYLLURQUI', 32), (305, 'HAQUIRA', 32), (306, 'MARA', 32), (307, 'CHALLHUAHUACHO', 32), (308, 'CHINCHEROS', 33), (309, 'ANCO-HUALLO', 33),
(310, 'COCHARCAS', 33), (311, 'HUACCANA', 33), (312, 'OCOBAMBA', 33), (313, 'ONGOY', 33), (314, 'URANMARCA', 33), (315, 'RANRACANCHA', 33), 
(316, 'CHUQUIBAMBILLA', 34), (317, 'CURPAHUASI', 34), (318, 'GAMARRA', 34), (319, 'HUAYLLATI', 34), (320, 'MAMARA', 34), (321, 'MICAELA BASTIDAS', 34), 
(322, 'PATAYPAMPA', 34), (323, 'PROGRESO', 34), (324, 'SAN ANTONIO', 34), (325, 'SANTA ROSA', 34), (326, 'TURPAY', 34), (327, 'VILCABAMBA', 34), 
(328, 'VIRUNDO', 34), (329, 'CURASCO', 34), (330, 'AREQUIPA', 35), (331, 'ALTO SELVA ALEGRE', 35), (332, 'CAYMA', 35), (333, 'CERRO COLORADO', 35),
(334, 'CHARACATO', 35), (335, 'CHIGUATA', 35), (336, 'JACOBO HUNTER', 35), (337, 'LA JOYA', 35), (338, 'MARIANO MELGAR', 35), (339, 'MIRAFLORES', 35),
(340, 'MOLLEBAYA', 35), (341, 'PAUCARPATA', 35), (342, 'POCSI', 35), (343, 'POLOBAYA', 35), (344, 'QUEQUE&Ntilde;A', 35), (345, 'SABANDIA', 35), 
(346, 'SACHACA', 35), (347, 'SAN JUAN DE SIGUAS', 35), (348, 'SAN JUAN DE TARUCANI', 35), (349, 'SANTA ISABEL DE SIGUAS', 35), 
(350, 'SANTA RITA DE SIGUAS', 35), (351, 'SOCABAYA', 35), (352, 'TIABAYA', 35), (353, 'UCHUMAYO', 35), (354, 'VITOR', 35), 
(355, 'YANAHUARA', 35), (356, 'YARABAMBA', 35), (357, 'YURA', 35), (358, 'JOSE LUIS BUSTAMANTE Y RIVERO', 35), (359, 'CAMANA', 36), 
(360, 'JOSE MARIA QUIMPER', 36), (361, 'MARIANO NICOLAS VALCARCEL', 36), (362, 'MARISCAL CACERES', 36), (363, 'NICOLAS DE PIEROLA', 36), 
(364, 'OCO&Ntilde;A', 36), (365, 'QUILCA', 36), (366, 'SAMUEL PASTOR', 36), (367, 'CARAVELI', 37), (368, 'ACARI', 37), (369, 'ATICO', 37),
(370, 'ATIQUIPA', 37), (371, 'BELLA UNION', 37), (372, 'CAHUACHO', 37), (373, 'CHALA', 37), (374, 'CHAPARRA', 37), (375, 'HUANUHUANU', 37), 
(376, 'JAQUI', 37), (377, 'LOMAS', 37), (378, 'QUICACHA', 37), (379, 'YAUCA', 37), (380, 'APLAO', 38), (381, 'ANDAGUA', 38), (382, 'AYO', 38), 
(383, 'CHACHAS', 38), (384, 'CHILCAYMARCA', 38), (385, 'CHOCO', 38), (386, 'HUANCARQUI', 38), (387, 'MACHAGUAY', 38), (388, 'ORCOPAMPA', 38), 
(389, 'PAMPACOLCA', 38), (390, 'TIPAN', 38), (391, 'U&Ntilde;ON', 38), (392, 'URACA', 38), (393, 'VIRACO', 38), (394, 'CHIVAY', 39), (395, 'ACHOMA', 39),
(396, 'CABANACONDE', 39), (397, 'CALLALLI', 39), (398, 'CAYLLOMA', 39), (399, 'COPORAQUE', 39), (400, 'HUAMBO', 39), (401, 'HUANCA', 39),
(402, 'ICHUPAMPA', 39), (403, 'LARI', 39), (404, 'LLUTA', 39), (405, 'MACA', 39), (406, 'MADRIGAL', 39), (407, 'SAN ANTONIO DE CHUCA', 39),
(408, 'SIBAYO', 39), (409, 'TAPAY', 39), (410, 'TISCO', 39), (411, 'TUTI', 39), (412, 'YANQUE', 39), (413, 'MAJES', 39), (414, 'CHUQUIBAMBA', 40), 
(415, 'ANDARAY', 40), (416, 'CAYARANI', 40), (417, 'CHICHAS', 40), (418, 'IRAY', 40), (419, 'RIO GRANDE', 40), (420, 'SALAMANCA', 40), 
(421, 'YANAQUIHUA', 40), (422, 'MOLLENDO', 41), (423, 'COCACHACRA', 41), (424, 'DEAN VALDIVIA', 41), (425, 'ISLAY', 41), (426, 'MEJIA', 41),
(427, 'PUNTA DE BOMBON', 41), (428, 'COTAHUASI', 42), (429, 'ALCA', 42), (430, 'CHARCANA', 42), (431, 'HUAYNACOTAS', 42), (432, 'PAMPAMARCA', 42),
(433, 'PUYCA', 42), (434, 'QUECHUALLA', 42), (435, 'SAYLA', 42), (436, 'TAURIA', 42), (437, 'TOMEPAMPA', 42), (438, 'TORO', 42), 
(439, 'AYACUCHO', 43), (440, 'ACOCRO', 43), (441, 'ACOS VINCHOS', 43), (442, 'CARMEN ALTO', 43), (443, 'CHIARA', 43), (444, 'OCROS', 43), 
(445, 'PACAYCASA', 43), (446, 'QUINUA', 43), (447, 'SAN JOSE DE TICLLAS', 43), (448, 'SAN JUAN BAUTISTA', 43), (449, 'SANTIAGO DE PISCHA', 43), 
(450, 'SOCOS', 43), (451, 'TAMBILLO', 43), (452, 'VINCHOS', 43), (453, 'JESUS NAZARENO', 43), (454, 'CANGALLO', 44), (455, 'CHUSCHI', 44), 
(456, 'LOS MOROCHUCOS', 44), (457, 'MARIA PARADO DE BELLIDO', 44), (458, 'PARAS', 44), (459, 'TOTOS', 44), (460, 'SANCOS', 45), (461, 'CARAPO', 45),
(462, 'SACSAMARCA', 45), (463, 'SANTIAGO DE LUCANAMARCA', 45), (464, 'HUANTA', 46), (465, 'AYAHUANCO', 46), (466, 'HUAMANGUILLA', 46), 
(467, 'IGUAIN', 46), (468, 'LURICOCHA', 46), (469, 'SANTILLANA', 46), (470, 'SIVIA', 46), (471, 'LLOCHEGUA', 46), (472, 'SAN MIGUEL', 47),
(473, 'ANCO', 47), (474, 'AYNA', 47), (475, 'CHILCAS', 47), (476, 'CHUNGUI', 47), (477, 'LUIS CARRANZA', 47), (478, 'SANTA ROSA', 47), 
(479, 'TAMBO', 47), (480, 'PUQUIO', 48), (481, 'AUCARA', 48), (482, 'CABANA', 48), (483, 'CARMEN SALCEDO', 48), (484, 'CHAVI&Ntilde;A', 48), 
(485, 'CHIPAO', 48), (486, 'HUAC-HUAS', 48), (487, 'LARAMATE', 48), (488, 'LEONCIO PRADO', 48), (489, 'LLAUTA', 48), (490, 'LUCANAS', 48), 
(491, 'OCA&Ntilde;A', 48), (492, 'OTOCA', 48), (493, 'SAISA', 48), (494, 'SAN CRISTOBAL', 48), (495, 'SAN JUAN', 48), (496, 'SAN PEDRO', 48), 
(497, 'SAN PEDRO DE PALCO', 48), (498, 'SANCOS', 48), (499, 'SANTA ANA DE HUAYCAHUACHO', 48), (500, 'SANTA LUCIA', 48), (501, 'CORACORA', 49),
(502, 'CHUMPI', 49), (503, 'CORONEL CASTA&Ntilde;EDA', 49), (504, 'PACAPAUSA', 49), (505, 'PULLO', 49), (506, 'PUYUSCA', 49), 
(507, 'SAN FRANCISCO DE RAVACAYCO', 49), (508, 'UPAHUACHO', 49), (509, 'PAUSA', 50), (510, 'COLTA', 50), (511, 'CORCULLA', 50),
(512, 'LAMPA', 50), (513, 'MARCABAMBA', 50), (514, 'OYOLO', 50), (515, 'PARARCA', 50), (516, 'SAN JAVIER DE ALPABAMBA', 50), 
(517, 'SAN JOSE DE USHUA', 50), (518, 'SARA SARA', 50), (519, 'QUEROBAMBA', 51), (520, 'BELEN', 51), (521, 'CHALCOS', 51), 
(522, 'CHILCAYOC', 51), (523, 'HUACA&Ntilde;A', 51), (524, 'MORCOLLA', 51), (525, 'PAICO', 51), (526, 'SAN PEDRO DE LARCAY', 51), 
(527, 'SAN SALVADOR DE QUIJE', 51), (528, 'SANTIAGO DE PAUCARAY', 51), (529, 'SORAS', 51), (530, 'HUANCAPI', 52), (531, 'ALCAMENCA', 52),
(532, 'APONGO', 52), (533, 'ASQUIPATA', 52), (534, 'CANARIA', 52), (535, 'CAYARA', 52), (536, 'COLCA', 52), (537, 'HUAMANQUIQUIA', 52), 
(538, 'HUANCARAYLLA', 52), (539, 'HUAYA', 52), (540, 'SARHUA', 52), (541, 'VILCANCHOS', 52), (542, 'VILCAS HUAMAN', 53), (543, 'ACCOMARCA', 53), 
(544, 'CARHUANCA', 53), (545, 'CONCEPCION', 53), (546, 'HUAMBALPA', 53), (547, 'INDEPENDENCIA', 53), (548, 'SAURAMA', 53), (549, 'VISCHONGO', 53), 
(550, 'CAJAMARCA', 54), (551, 'CAJAMARCA', 54), (552, 'ASUNCION', 54), (553, 'CHETILLA', 54), (554, 'COSPAN', 54), (555, 'ENCA&Ntilde;ADA', 54), 
(556, 'JESUS', 54), (557, 'LLACANORA', 54), (558, 'LOS BA&Ntilde;OS DEL INCA', 54), (559, 'MAGDALENA', 54), (560, 'MATARA', 54), (561, 'NAMORA', 54), 
(562, 'SAN JUAN', 54), (563, 'CAJABAMBA', 55), (564, 'CACHACHI', 55), (565, 'CONDEBAMBA', 55), (566, 'SITACOCHA', 55), (567, 'CELENDIN', 56),
(568, 'CHUMUCH', 56), (569, 'CORTEGANA', 56), (570, 'HUASMIN', 56), (571, 'JORGE CHAVEZ', 56), (572, 'JOSE GALVEZ', 56), (573, 'MIGUEL IGLESIAS', 56),
(574, 'OXAMARCA', 56), (575, 'SOROCHUCO', 56), (576, 'SUCRE', 56), (577, 'UTCO', 56), (578, 'LA LIBERTAD DE PALLAN', 56), (579, 'CHOTA', 57), 
(580, 'ANGUIA', 57), (581, 'CHADIN', 57), (582, 'CHIGUIRIP', 57), (583, 'CHIMBAN', 57), (584, 'CHOROPAMPA', 57), (585, 'COCHABAMBA', 57), 
(586, 'CONCHAN', 57), (587, 'HUAMBOS', 57), (588, 'LAJAS', 57), (589, 'LLAMA', 57), (590, 'MIRACOSTA', 57), (591, 'PACCHA', 57), (592, 'PION', 57), 
(593, 'QUEROCOTO', 57), (594, 'SAN JUAN DE LICUPIS', 57), (595, 'TACABAMBA', 57), (596, 'TOCMOCHE', 57), (597, 'CHALAMARCA', 57), (598, 'CONTUMAZA', 58),
(599, 'CHILETE', 58), (600, 'CUPISNIQUE', 58), (601, 'GUZMANGO', 58), (602, 'SAN BENITO', 58), (603, 'SANTA CRUZ DE TOLED', 58), (604, 'TANTARICA', 58), 
(605, 'YONAN', 58), (606, 'CUTERVO', 59), (607, 'CALLAYUC', 59), (608, 'CHOROS', 59), (609, 'CUJILLO', 59), (610, 'LA RAMADA', 59), (611, 'PIMPINGOS', 59),
(612, 'QUEROCOTILLO', 59), (613, 'SAN ANDRES DE CUTERVO', 59), (614, 'SAN JUAN DE CUTERVO', 59), (615, 'SAN LUIS DE LUCMA', 59), (616, 'SANTA CRUZ', 59),
(617, 'SANTO DOMINGO DE LA CAPILLA', 59), (618, 'SANTO TOMAS', 59), (619, 'SOCOTA', 59), (620, 'TORIBIO CASANOVA', 59), (621, 'BAMBAMARCA', 60),
(622, 'CHUGUR', 60), (623, 'HUALGAYOC', 60), (624, 'JAEN', 61), (625, 'BELLAVISTA', 61), (626, 'CHONTALI', 61), (627, 'COLASAY', 61), (628, 'HUABAL', 61),
(629, 'LAS PIRIAS', 61), (630, 'POMAHUACA', 61), (631, 'PUCARA', 61), (632, 'SALLIQUE', 61), (633, 'SAN FELIPE', 61), (634, 'SAN JOSE DEL ALTO', 61),
(635, 'SANTA ROSA', 61), (636, 'SAN IGNACIO', 62), (637, 'CHIRINOS', 62), (638, 'HUARANGO', 62), (639, 'LA COIPA', 62), (640, 'NAMBALLE', 62), 
(641, 'SAN JOSE DE LOURDES', 62), (642, 'TABACONAS', 62), (643, 'PEDRO GALVEZ', 63), (644, 'CHANCAY', 63), (645, 'EDUARDO VILLANUEVA', 63), 
(646, 'GREGORIO PITA', 63), (647, 'ICHOCAN', 63), (648, 'JOSE MANUEL QUIROZ', 63), (649, 'JOSE SABOGAL', 63), (650, 'SAN MIGUEL', 64), (651, 'SAN MIGUEL', 64), 
(652, 'BOLIVAR', 64), (653, 'CALQUIS', 64), (654, 'CATILLUC', 64), (655, 'EL PRADO', 64), (656, 'LA FLORIDA', 64),
(657, 'LLAPA', 64), (658, 'NANCHOC', 64), (659, 'NIEPOS', 64), (660, 'SAN GREGORIO', 64), (661, 'SAN SILVESTRE DE COCHAN', 64), 
(662, 'TONGOD', 64), (663, 'UNION AGUA BLANCA', 64), (664, 'SAN PABLO', 65), (665, 'SAN BERNARDINO', 65), 
(666, 'SAN LUIS', 65), (667, 'TUMBADEN', 65), (668, 'SANTA CRUZ', 66), (669, 'ANDABAMBA', 66), (670, 'CATACHE', 66), 
(671, 'CHANCAYBA&Ntilde;OS', 66), (672, 'LA ESPERANZA', 66), (673, 'NINABAMBA', 66), (674, 'PULAN', 66), (675, 'SAUCEPAMPA', 66), 
(676, 'SEXI', 66), (677, 'UTICYACU', 66), (678, 'YAUYUCAN', 66), (679, 'CALLAO', 67), (680, 'BELLAVISTA', 67), (681, 'CARMEN DE LA LEGUA REYNOSO', 67), 
(682, 'LA PERLA', 67), (683, 'LA PUNTA', 67), (684, 'VENTANILLA', 67),
(685, 'CUSCO', 67), (686, 'CCORCA', 67), (687, 'POROY', 67), (688, 'SAN JERONIMO', 67), (689, 'SAN SEBASTIAN', 67), (690, 'SANTIAGO', 67), 
(691, 'SAYLLA', 67), (692, 'WANCHAQ', 67), (693, 'ACOMAYO', 68), (694, 'ACOPIA', 68), (695, 'ACOS', 68), (696, 'MOSOC LLACTA', 68), 
(697, 'POMACANCHI', 68), (698, 'RONDOCAN', 68), (699, 'SANGARARA', 68), (700, 'ANTA', 69), (701, 'ANCAHUASI', 69), (702, 'CACHIMAYO', 69), (703, 'CHINCHAYPUJIO', 69), (704, 'HUAROCONDO', 69), (705, 'LIMATAMBO', 69), (706, 'MOLLEPATA', 69), (707, 'PUCYURA', 69), (708, 'ZURITE', 69), (709, 'CALCA', 70), (710, 'COYA', 70), (711, 'LAMAY', 70),
(712, 'LARES', 70), (713, 'PISAC', 70), (714, 'SAN SALVADOR', 70), (715, 'TARAY', 70), (716, 'YANATILE', 70), (717, 'YANAOCA', 71), (718, 'CHECCA', 71), (719, 'KUNTURKANKI', 71), (720, 'LANGUI', 71), (721, 'LAYO', 71), (722, 'PAMPAMARCA', 71), (723, 'QUEHUE', 71), (724, 'TUPAC AMARU', 71), (725, 'SICUANI', 72), (726, 'CHECACUPE', 72), (727, 'COMBAPATA', 72), (728, 'MARANGANI', 72), (729, 'PITUMARCA', 72), (730, 'SAN PABLO', 72), (731, 'SAN PEDRO', 72), (732, 'TINTA', 72), (733, 'SANTO TOMAS', 73), (734, 'CAPACMARCA', 73), (735, 'CHAMACA', 73), (736, 'COLQUEMARCA', 73), (737, 'LIVITACA', 73), (738, 'LLUSCO', 73), (739, 'QUI&Ntilde;OTA', 73), (740, 'VELILLE', 73), (741, 'ESPINAR', 74), (742, 'CONDOROMA', 74), (743, 'COPORAQUE', 74), (744, 'OCORURO', 74), (745, 'PALLPATA', 74), (746, 'PICHIGUA', 74), (747, 'SUYCKUTAMBO', 74), (748, 'ALTO PICHIGUA', 74), (749, 'SANTA ANA', 75), (750, 'ECHARATE', 75), (751, 'HUAYOPATA', 75), (752, 'MARANURA', 75), (753, 'OCOBAMBA', 75), (754, 'QUELLOUNO', 75), (755, 'KIMBIRI', 75), (756, 'SANTA TERESA', 75), (757, 'VILCABAMBA', 75), (758, 'PICHARI', 75), (759, 'PARURO', 76), (760, 'ACCHA', 76), (761, 'CCAPI', 76), (762, 'COLCHA', 76), (763, 'HUANOQUITE', 76), (764, 'OMACHA', 76), (765, 'PACCARITAMBO', 76), (766, 'PILLPINTO', 76), (767, 'YAURISQUE', 76), (768, 'PAUCARTAMBO', 77), (769, 'CAICAY', 77), 
(770, 'CHALLABAMBA', 77), (771, 'COLQUEPATA', 77), (772, 'HUANCARANI', 77), (773, 'KOS&Ntilde;IPATA', 77), (774, 'URCOS', 78), (775, 'ANDAHUAYLILLAS', 78), (776, 'CAMANTI', 78), (777, 'CCARHUAYO', 78), (778, 'CCATCA', 78), (779, 'CUSIPATA', 78), (780, 'HUARO', 78), (781, 'LUCRE', 78), (782, 'MARCAPATA', 78), (783, 'OCONGATE', 78), (784, 'OROPESA', 78), (785, 'QUIQUIJANA', 78), (786, 'URUBAMBA', 79), (787, 'CHINCHERO', 79), (788, 'HUAYLLABAMBA', 79), (789, 'MACHUPICCHU', 79), (790, 'MARAS', 79), (791, 'OLLANTAYTAMBO', 79), (792, 'YUCAY', 79), (793, 'HUANCAVELICA', 80), (794, 'ACOBAMBILLA', 80), (795, 'ACORIA', 80), (796, 'CONAYCA', 80), (797, 'CUENCA', 80), (798, 'HUACHOCOLPA', 80), (799, 'HUAYLLAHUARA', 80), (800, 'IZCUCHACA', 80), (801, 'LARIA', 80), (802, 'MANTA', 80), (803, 'MARISCAL CACERES', 80), (804, 'MOYA', 80), (805, 'NUEVO OCCORO', 80), (806, 'PALCA', 80), 
(807, 'PILCHACA', 80), (808, 'VILCA', 80), (809, 'YAULI', 80), (810, 'ASCENSION', 80), (811, 'HUANDO', 80), (812, 'ACOBAMBA', 81), (813, 'ANDABAMBA', 81), (814, 'ANTA', 81), (815, 'CAJA', 81), (816, 'MARCAS', 81), (817, 'PAUCARA', 81), (818, 'POMACOCHA', 81), (819, 'ROSARIO', 81), (820, 'LIRCAY', 82), (821, 'ANCHONGA', 82), (822, 'CALLANMARCA', 82), (823, 'CCOCHACCASA', 82), (824, 'CHINCHO', 82), (825, 'CONGALLA', 82), (826, 'HUANCA-HUANCA', 82), (827, 'HUAYLLAY GRANDE', 82), (828, 'JULCAMARCA', 82), (829, 'SAN ANTONIO DE ANTAPARCO', 82), (830, 'SANTO TOMAS DE PATA', 82), (831, 'SECCLLA', 82), (832, 'CASTROVIRREYNA', 83), (833, 'ARMA', 83), (834, 'AURAHUA', 83), (835, 'CAPILLAS', 83), (836, 'CHUPAMARCA', 83), (837, 'COCAS', 83), (838, 'HUACHOS', 83), (839, 'HUAMATAMBO', 83), (840, 'MOLLEPAMPA', 83), (841, 'SAN JUAN', 83), (842, 'SANTA ANA', 83), (843, 'TANTARA', 83), (844, 'TICRAPO', 83), (845, 'CHURCAMPA', 84), (846, 'ANCO', 84), (847, 'CHINCHIHUASI', 84), (848, 'EL CARMEN', 84), (849, 'LA MERCED', 84), (850, 'LOCROJA', 84), (851, 'PAUCARBAMBA', 84), (852, 'SAN MIGUEL DE MAYOCC', 84), (853, 'SAN PEDRO DE CORIS', 84), (854, 'PACHAMARCA', 84), (855, 'HUAYTARA', 85), 
(856, 'AYAVI', 85), (857, 'CORDOVA', 85), (858, 'HUAYACUNDO ARMA', 85), (859, 'LARAMARCA', 85), (860, 'OCOYO', 85), (861, 'PILPICHACA', 85), (862, 'QUERCO', 85), (863, 'QUITO-ARMA', 85), (864, 'SAN ANTONIO DE CUSICANCHA', 85), (865, 'SAN FRANCISCO DE SANGAYAICO', 85), (866, 'SAN ISIDRO', 85), (867, 'SANTIAGO DE CHOCORVOS', 85), (868, 'SANTIAGO DE QUIRAHUARA', 85), (869, 'SANTO DOMINGO DE CAPILLAS', 85), (870, 'TAMBO', 85), (871, 'PAMPAS', 86), (872, 'ACOSTAMBO', 86), (873, 'ACRAQUIA', 86), (874, 'AHUAYCHA', 86), (875, 'COLCABAMBA', 86), (876, 'DANIEL HERNANDEZ', 86), (877, 'HUACHOCOLPA', 86), (878, 'HUARIBAMBA', 86), (879, '&Ntilde;AHUIMPUQUIO', 86), (880, 'PAZOS', 86), (881, 'QUISHUAR', 86), (882, 'SALCABAMBA', 86), (883, 'SALCAHUASI', 86), (884, 'SAN MARCOS DE ROCCHAC', 86), (885, 'SURCUBAMBA', 86), (886, 'TINTAY PUNCU', 86), (887, 'HUANUCO', 87), (888, 'AMARILIS', 87), (889, 'CHINCHAO', 87), (890, 'CHURUBAMBA', 87), (891, 'MARGOS', 87), (892, 'QUISQUI', 87), (893, 'SAN FRANCISCO DE CAYRAN', 87), (894, 'SAN PEDRO DE CHAULAN', 87), (895, 'SANTA MARIA DEL VALLE', 87), (896, 'YARUMAYO', 87), (897, 'PILLCO MARCA', 87), 
(898, 'AMBO', 88), (899, 'CAYNA', 88), (900, 'COLPAS', 88), (901, 'CONCHAMARCA', 88), (902, 'HUACAR', 88), (903, 'SAN FRANCISCO', 88), (904, 'SAN RAFAEL', 88), (905, 'TOMAY KICHWA', 88), (906, 'LA UNION', 89), (907, 'CHUQUIS', 89), (908, 'MARIAS', 89), (909, 'PACHAS', 89), (910, 'QUIVILLA', 89), (911, 'RIPAN', 89), (912, 'SHUNQUI', 89), (913, 'SILLAPATA', 89), (914, 'YANAS', 89), (915, 'HUACAYBAMBA', 90), (916, 'CANCHABAMBA', 90), (917, 'COCHABAMBA', 90), (918, 'PINRA', 90), (919, 'LLATA', 91), (920, 'ARANCAY', 91), (921, 'CHAVIN DE PARIARCA', 91), (922, 'JACAS GRANDE', 91), (923, 'JIRCAN', 91), (924, 'MIRAFLORES', 91), (925, 'MONZON', 91), (926, 'PUNCHAO', 91), (927, 'PU&Ntilde;OS', 91), (928, 'SINGA', 91), (929, 'TANTAMAYO', 91), (930, 'RUPA-RUPA', 92), (931, 'DANIEL ALOMIA ROBLES', 92), (932, 'HERMILIO VALDIZAN', 92), (933, 'JOSE CRESPO Y CASTILLO', 92), (934, 'LUYANDO', 92), (935, 'MARIANO DAMASO BERAUN', 92), (936, 'HUACRACHUCO', 93), (937, 'CHOLON', 93), (938, 'SAN BUENAVENTURA', 93), (939, 'PANAO', 94), (940, 'CHAGLLA', 94), (941, 'MOLINO', 94), (942, 'UMARI', 94), 
(943, 'PUERTO INCA', 95), (944, 'CODO DEL POZUZO', 95), (945, 'HONORIA', 95), (946, 'TOURNAVISTA', 95), (947, 'YUYAPICHIS', 95), (948, 'JESUS', 96), (949, 'BA&Ntilde;OS', 96), (950, 'JIVIA', 96), (951, 'QUEROPALCA', 96), (952, 'RONDOS', 96), (953, 'SAN FRANCISCO DE ASIS', 96), (954, 'SAN MIGUEL DE CAURI', 96), (955, 'CHAVINILLO', 97), (956, 'CAHUAC', 97), (957, 'CHACABAMBA', 97), (958, 'APARICIO POMARES', 97), (959, 'JACAS CHICO', 97), (960, 'OBAS', 97), (961, 'PAMPAMARCA', 97), (962, 'CHORAS', 97), (963, 'ICA', 98), (964, 'LA TINGUI&Ntilde;A', 98), (965, 'LOS AQUIJES', 98), (966, 'OCUCAJE', 98), (967, 'PACHACUTEC', 98), (968, 'PARCONA', 98), (969, 'PUEBLO NUEVO', 98), (970, 'SALAS', 98), (971, 'SAN JOSE DE LOS MOLINOS', 98), (972, 'SAN JUAN BAUTISTA', 98),
(973, 'SANTIAGO', 98), (974, 'SUBTANJALLA', 98), (975, 'TATE', 98), (976, 'YAUCA DEL ROSARIO', 98), (977, 'CHINCHA ALTA', 99), (978, 'ALTO LARAN', 99), (979, 'CHAVIN', 99), (980, 'CHINCHA BAJA', 99), (981, 'EL CARMEN', 99), (982, 'GROCIO PRADO', 99), (983, 'PUEBLO NUEVO', 99), (984, 'SAN JUAN DE YANAC', 99), (985, 'SAN PEDRO DE HUACARPANA', 99), (986, 'SUNAMPE', 99), (987, 'TAMBO DE MORA', 99), (988, 'NAZCA', 100), (989, 'CHANGUILLO', 100), (990, 'EL INGENIO', 100), (991, 'MARCONA', 100), (992, 'VISTA ALEGRE', 100), (993, 'PALPA', 101), (994, 'LLIPATA', 101), (995, 'RIO GRANDE', 101), (996, 'SANTA CRUZ', 101), (997, 'TIBILLO', 101), (998, 'PISCO', 102), (999, 'HUANCANO', 102), (1000, 'HUMAY', 102), (1001, 'INDEPENDENCIA', 102), (1002, 'PARACAS', 102), (1003, 'SAN ANDRES', 102),
(1004, 'SAN CLEMENTE', 102), (1005, 'TUPAC AMARU INCA', 102), (1006, 'HUANCAYO', 103), (1007, 'CARHUACALLANGA', 103), (1008, 'CHACAPAMPA', 103), (1009, 'CHICCHE', 103), (1010, 'CHILCA', 103), (1011, 'CHONGOS ALTO', 103), (1012, 'CHUPURO', 103), (1013, 'COLCA', 103), (1014, 'CULLHUAS', 103), (1015, 'EL TAMBO', 103), (1016, 'HUACRAPUQUIO', 103), (1017, 'HUALHUAS', 103), (1018, 'HUANCAN', 103), (1019, 'HUASICANCHA', 103), (1020, 'HUAYUCACHI', 103), (1021, 'INGENIO', 103), (1022, 'PARIAHUANCA', 103), (1023, 'PILCOMAYO', 103), (1024, 'PUCARA', 103), (1025, 'QUICHUAY', 103), (1026, 'QUILCAS', 103), (1027, 'SAN AGUSTIN', 103), (1028, 'SAN JERONIMO DE TUNAN', 103), (1029, 'SA&Ntilde;O', 103), (1030, 'SAPALLANGA', 103), (1031, 'SICAYA', 103), (1032, 'SANTO DOMINGO DE ACOBAMBA', 103), (1033, 'VIQUES', 103), (1034, 'CONCEPCION', 104), (1035, 'ACO', 104), (1036, 'ANDAMARCA', 104), (1037, 'CHAMBARA', 104), (1038, 'COCHAS', 104), (1039, 'COMAS', 104), (1040, 'HEROINAS TOLEDO', 104), (1041, 'MANZANARES', 104), (1042, 'MARISCAL CASTILLA', 104), (1043, 'MATAHUASI', 104), (1044, 'MITO', 104), (1045, 'NUEVE DE JULIO', 104), (1046, 'ORCOTUNA', 104), (1047, 'SAN JOSE DE QUERO', 104), (1048, 'SANTA ROSA DE OCOPA', 104), (1049, 'CHANCHAMAYO', 105), (1050, 'PERENE', 105), (1051, 'PICHANAQUI', 105), (1052, 'SAN LUIS DE SHUARO', 105), (1053, 'SAN RAMON', 105), (1054, 'VITOC', 105), (1055, 'JAUJA', 106), (1056, 'ACOLLA', 106), (1057, 'APATA', 106), (1058, 'ATAURA', 106), (1059, 'CANCHAYLLO', 106), (1060, 'CURICACA', 106), (1061, 'EL MANTARO', 106), (1062, 'HUAMALI', 106), (1063, 'HUARIPAMPA', 106), (1064, 'HUERTAS', 106), (1065, 'JANJAILLO', 106), (1066, 'JULCAN', 106), (1067, 'LEONOR ORDO&Ntilde;EZ', 106), (1068, 'LLOCLLAPAMPA', 106), (1069, 'MARCO', 106), (1070, 'MASMA', 106), (1071, 'MASMA CHICCHE', 106), (1072, 'MOLINOS', 106), (1073, 'MONOBAMBA', 106), (1074, 'MUQUI', 106), (1075, 'MUQUIYAUYO', 106), (1076, 'PACA', 106), (1077, 'PACCHA', 106), (1078, 'PANCAN', 106), (1079, 'PARCO', 106), (1080, 'POMACANCHA', 106), 
(1081, 'RICRAN', 106), (1082, 'SAN LORENZO', 106), (1083, 'SAN PEDRO DE CHUNAN', 106), (1084, 'SAUSA', 106), (1085, 'SINCOS', 106), (1086, 'TUNAN MARCA', 106), (1087, 'YAULI', 106), (1088, 'YAUYOS', 106), (1089, 'JUNIN', 107), (1090, 'CARHUAMAYO', 107), (1091, 'ONDORES', 107), (1092, 'ULCUMAYO', 107), (1093, 'SATIPO', 108), (1094, 'COVIRIALI', 108), (1095, 'LLAYLLA', 108), (1096, 'MAZAMARI', 108), (1097, 'PAMPA HERMOSA', 108), (1098, 'PANGOA', 108), (1099, 'RIO NEGRO', 108), (1100, 'RIO TAMBO', 108), (1101, 'TARMA', 109), (1102, 'ACOBAMBA', 109), (1103, 'HUARICOLCA', 109), (1104, 'HUASAHUASI', 109), (1105, 'LA UNION', 109), (1106, 'PALCA', 109), (1107, 'PALCAMAYO', 109), (1108, 'SAN PEDRO DE CAJAS', 109), (1109, 'TAPO', 109), (1110, 'LA OROYA', 110), (1111, 'CHACAPALPA', 110), (1112, 'HUAY-HUAY', 110), (1113, 'MARCAPOMACOCHA', 110), (1114, 'MOROCOCHA', 110), (1115, 'PACCHA', 110), (1116, 'SANTA BARBARA DE CARHUACAYAN', 110), (1117, 'SANTA ROSA DE SACCO', 110), (1118, 'SUITUCANCHA', 110), (1119, 'YAULI', 110), (1120, 'CHUPACA', 111), (1121, 'AHUAC', 111), (1122, 'CHONGOS BAJO', 111), (1123, 'HUACHAC', 111), (1124, 'HUAMANCACA CHICO', 111), 
(1125, 'SAN JUAN DE ISCOS', 111), (1126, 'SAN JUAN DE JARPA', 111), (1127, 'TRES DE DICIEMBRE', 111), (1128, 'YANACANCHA', 111), (1129, 'TRUJILLO', 112), (1130, 'EL PORVENIR', 112), (1131, 'FLORENCIA DE MORA', 112), (1132, 'HUANCHACO', 112), (1133, 'LA ESPERANZA', 112), (1134, 'LAREDO', 112), (1135, 'MOCHE', 112), (1136, 'POROTO', 112), (1137, 'SALAVERRY', 112), (1138, 'SIMBAL', 112), (1139, 'VICTOR LARCO HERRERA', 112), (1140, 'ASCOPE', 113), (1141, 'CHICAMA', 113), (1142, 'CHOCOPE', 113), (1143, 'MAGDALENA DE CAO', 113), (1144, 'PAIJAN', 113), (1145, 'RAZURI', 113), (1146, 'SANTIAGO DE CAO', 113), (1147, 'CASA GRANDE', 113), (1148, 'BOLIVAR', 114), (1149, 'BAMBAMARCA', 114), (1150, 'CONDORMARCA', 114), (1151, 'LONGOTEA', 114), (1152, 'UCHUMARCA', 114), (1153, 'UCUNCHA', 114), (1154, 'CHEPEN', 115), (1155, 'PACANGA', 115), (1156, 'PUEBLO NUEVO', 115), (1157, 'JULCAN', 116), (1158, 'CALAMARCA', 116), (1159, 'CARABAMBA', 116), (1160, 'HUASO', 116), (1161, 'OTUZCO', 117), (1162, 'AGALLPAMPA', 117), (1163, 'CHARAT', 117), (1164, 'HUARANCHAL', 117), (1165, 'LA CUESTA', 117), (1166, 'MACHE', 117), (1167, 'PARANDAY', 117), (1168, 'SALPO', 117), (1169, 'SINSICAP', 117), (1170, 'USQUIL', 117),
(1171, 'SAN PEDRO DE LLOC', 118), (1172, 'GUADALUPE', 118), (1173, 'JEQUETEPEQUE', 118), (1174, 'PACASMAYO', 118), (1175, 'SAN JOSE', 118), (1176, 'TAYABAMBA', 119), (1177, 'BULDIBUYO', 119), (1178, 'CHILLIA', 119), (1179, 'HUANCASPATA', 119), (1180, 'HUAYLILLAS', 119), (1181, 'HUAYO', 119), (1182, 'ONGON', 119), (1183, 'PARCOY', 119), (1184, 'PATAZ', 119), (1185, 'PIAS', 119), (1186, 'SANTIAGO DE CHALLAS', 119), (1187, 'TAURIJA', 119), (1188, 'URPAY', 119), (1189, 'HUAMACHUCO', 120), (1190, 'CHUGAY', 120), (1191, 'COCHORCO', 120), (1192, 'CURGOS', 120), (1193, 'MARCABAL', 120), (1194, 'SANAGORAN', 120), (1195, 'SARIN', 120), (1196, 'SARTIMBAMBA', 120), (1197, 'SANTIAGO DE CHUCO', 121), (1198, 'ANGASMARCA', 121), (1199, 'CACHICADAN', 121), (1200, 'MOLLEBAMBA', 121), (1201, 'MOLLEPATA', 121), (1202, 'QUIRUVILCA', 121), (1203, 'SANTA CRUZ DE CHUCA', 121), (1204, 'SITABAMBA', 121), (1205, 'GRAN CHIMU', 122), (1206, 'CASCAS', 122), (1207, 'LUCMA', 122), (1208, 'MARMOT', 122), (1209, 'SAYAPULLO', 122), (1210, 'VIRU', 123), (1211, 'CHAO', 123), (1212, 'GUADALUPITO', 123), (1213, 'CHICLAYO', 124), (1214, 'CHONGOYAPE', 124), (1215, 'ETEN', 124), (1216, 'ETEN PUERTO', 124), (1217, 'JOSE LEONARDO ORTIZ', 124), (1218, 'LA VICTORIA', 124), (1219, 'LAGUNAS', 124), (1220, 'MONSEFU', 124), (1221, 'NUEVA ARICA', 124), (1222, 'OYOTUN', 124), (1223, 'PICSI', 124), (1224, 'PIMENTEL', 124), (1225, 'REQUE', 124), (1226, 'SANTA ROSA', 124), (1227, 'SA&Ntilde;A', 124), (1228, 'CAYALTI', 124), (1229, 'PATAPO', 124), (1230, 'POMALCA', 124), (1231, 'PUCALA', 124), (1232, 'TUMAN', 124),
(1233, 'FERRE&Ntilde;AFE', 125), (1234, 'CA&Ntilde;ARIS', 125), (1235, 'INCAHUASI', 125), (1236, 'MANUEL ANTONIO MESONES MURO', 125), (1237, 'PITIPO', 125), (1238, 'PUEBLO NUEVO', 125), (1239, 'LAMBAYEQUE', 126), (1240, 'CHOCHOPE', 126), (1241, 'ILLIMO', 126), (1242, 'JAYANCA', 126), (1243, 'MOCHUMI', 126), (1244, 'MORROPE', 126), (1245, 'MOTUPE', 126), (1246, 'OLMOS', 126), (1247, 'PACORA', 126), (1248, 'SALAS', 126), (1249, 'SAN JOSE', 126), (1250, 'TUCUME', 126), (1251, 'LIMA', 127), (1252, 'ANCON', 127), (1253, 'ATE', 127), (1254, 'BARRANCO', 127), (1255, 'BRE&Ntilde;A', 127), (1256, 'CARABAYLLO', 127), (1257, 'CHACLACAYO', 127), (1258, 'CHORRILLOS', 127), (1259, 'CIENEGUILLA', 127), (1260, 'COMAS', 127), (1261, 'EL AGUSTINO', 127), (1262, 'INDEPENDENCIA', 127), (1263, 'JESUS MARIA', 127), (1264, 'LA MOLINA', 127), (1265, 'LA VICTORIA', 127),
(1266, 'LINCE', 127), (1267, 'LOS OLIVOS', 127), (1268, 'LURIGANCHO', 127), (1269, 'LURIN', 127), (1270, 'MAGDALENA DEL MAR', 127), (1271, 'MAGDALENA VIEJA', 127), (1272, 'MIRAFLORES', 127), (1273, 'PACHACAMAC', 127), (1274, 'PUCUSANA', 127), (1275, 'PUENTE PIEDRA', 127), (1276, 'PUNTA HERMOSA', 127), (1277, 'PUNTA NEGRA', 127), (1278, 'RIMAC', 127), (1279, 'SAN BARTOLO', 127), (1280, 'SAN BORJA', 127), (1281, 'SAN ISIDRO', 127), (1282, 'SAN JUAN DE LURIGANCHO', 127), (1283, 'SAN JUAN DE MIRAFLORES', 127), (1284, 'SAN LUIS', 127), (1285, 'SAN MARTIN DE PORRES', 127), (1286, 'SAN MIGUEL', 127), (1287, 'SANTA ANITA', 127), (1288, 'SANTA MARIA DEL MAR', 127), (1289, 'SANTA ROSA', 127), (1290, 'SANTIAGO DE SURCO', 127), (1291, 'SURQUILLO', 127), (1292, 'VILLA EL SALVADOR', 127), (1293, 'VILLA MARIA DEL TRIUNFO', 127), (1294, 'BARRANCA', 128), (1295, 'PARAMONGA', 128), (1296, 'PATIVILCA', 128), (1297, 'SUPE', 128), (1298, 'SUPE PUERTO', 128), (1299, 'CAJATAMBO', 129), (1300, 'COPA', 129), (1301, 'GORGOR', 129), (1302, 'HUANCAPON', 129), (1303, 'MANAS', 129), (1304, 'CANTA', 130), (1305, 'ARAHUAY', 130), (1306, 'HUAMANTANGA', 130), (1307, 'HUAROS', 130), (1308, 'LACHAQUI', 130), (1309, 'SAN BUENAVENTURA', 130), (1310, 'SANTA ROSA DE QUIVES', 130), (1311, 'SAN VICENTE DE CA&Ntilde;ETE', 131), (1312, 'ASIA', 131), (1313, 'CALANGO', 131), (1314, 'CERRO AZUL', 131), (1315, 'CHILCA', 131), (1316, 'COAYLLO', 131), (1317, 'IMPERIAL', 131), (1318, 'LUNAHUANA', 131), (1319, 'MALA', 131), (1320, 'NUEVO IMPERIAL', 131), (1321, 'PACARAN', 131), (1322, 'QUILMANA', 131), (1323, 'SAN ANTONIO', 131), (1324, 'SAN LUIS', 131), (1325, 'SANTA CRUZ DE FLORES', 131), (1326, 'ZU&Ntilde;IGA', 131), (1327, 'HUARAL', 132), (1328, 'ATAVILLOS ALTO', 132), (1329, 'ATAVILLOS BAJO', 132), (1330, 'AUCALLAMA', 132), (1331, 'CHANCAY', 132), (1332, 'IHUARI', 132), (1333, 'LAMPIAN', 132), (1334, 'PACARAOS', 132), (1335, 'SAN MIGUEL DE ACOS', 132), (1336, 'SANTA CRUZ DE ANDAMARCA', 132), (1337, 'SUMBILCA', 132), (1338, 'VEINTISIETE DE NOVIEMBRE', 132), (1339, 'MATUCANA', 133), (1340, 'ANTIOQUIA', 133), (1341, 'CALLAHUANCA', 133), (1342, 'CARAMPOMA', 133), (1343, 'CHICLA', 133), (1344, 'CUENCA', 133), (1345, 'HUACHUPAMPA', 133), (1346, 'HUANZA', 133), (1347, 'HUAROCHIRI', 133), (1348, 'LAHUAYTAMBO', 133), (1349, 'LANGA', 133), (1350, 'LARAOS', 133),
(1351, 'MARIATANA', 133), (1352, 'RICARDO PALMA', 133), (1353, 'SAN ANDRES DE TUPICOCHA', 133), (1354, 'SAN ANTONIO', 133), (1355, 'SAN BARTOLOME', 133), (1356, 'SAN DAMIAN', 133), (1357, 'SAN JUAN DE IRIS', 133), (1358, 'SAN JUAN DE TANTARANCHE', 133), (1359, 'SAN LORENZO DE QUINTI', 133), (1360, 'SAN MATEO', 133), (1361, 'SAN MATEO DE OTAO', 133), (1362, 'SAN PEDRO DE CASTA', 133), (1363, 'SAN PEDRO DE HUANCAYRE', 133), (1364, 'SANGALLAYA', 133), (1365, 'SANTA CRUZ DE COCACHACRA', 133), (1366, 'SANTA EULALIA', 133), (1367, 'SANTIAGO DE ANCHUCAYA', 133), (1368, 'SANTIAGO DE TUNA', 133), (1369, 'SANTO DOMINGO DE LOS OLLEROS', 133), (1370, 'SURCO', 133), (1371, 'HUACHO', 134), (1372, 'AMBAR', 134), (1373, 'CALETA DE CARQUIN', 134), (1374, 'CHECRAS', 134), (1375, 'HUALMAY', 134), (1376, 'HUAURA', 134), (1377, 'LEONCIO PRADO', 134), (1378, 'PACCHO', 134), (1379, 'SANTA LEONOR', 134), (1380, 'SANTA MARIA', 134), (1381, 'SAYAN', 134), (1382, 'VEGUETA', 134), (1383, 'OYON', 135), (1384, 'ANDAJES', 135), (1385, 'CAUJUL', 135), 
(1386, 'COCHAMARCA', 135), (1387, 'NAVAN', 135), (1388, 'PACHANGARA', 135), (1389, 'YAUYOS', 136), (1390, 'ALIS', 136), (1391, 'AYAUCA', 136), (1392, 'AYAVIRI', 136), (1393, 'AZANGARO', 136), (1394, 'CACRA', 136), (1395, 'CARANIA', 136), (1396, 'CATAHUASI', 136), (1397, 'CHOCOS', 136), (1398, 'COCHAS', 136), (1399, 'COLONIA', 136), (1400, 'HONGOS', 136), (1401, 'HUAMPARA', 136), (1402, 'HUANCAYA', 136), (1403, 'HUANGASCAR', 136), (1404, 'HUANTAN', 136), (1405, 'HUA&Ntilde;EC', 136), (1406, 'LARAOS', 136), (1407, 'LINCHA', 136), (1408, 'MADEAN', 136), (1409, 'MIRAFLORES', 136), (1410, 'OMAS', 136), (1411, 'PUTINZA', 136), (1412, 'QUINCHES', 136), (1413, 'QUINOCAY', 136), (1414, 'SAN JOAQUIN', 136), (1415, 'SAN PEDRO DE PILAS', 136), (1416, 'TANTA', 136), (1417, 'TAURIPAMPA', 136), (1418, 'TOMAS', 136), (1419, 'TUPE', 136), (1420, 'VI&Ntilde;AC', 136), (1421, 'VITIS', 136), (1422, 'IQUITOS', 137), (1423, 'ALTO NANAY', 137), (1424, 'FERNANDO LORES', 137), 
(1425, 'INDIANA', 137), (1426, 'LAS AMAZONAS', 137), (1427, 'MAZAN', 137), (1428, 'NAPO', 137), (1429, 'PUNCHANA', 137), (1430, 'PUTUMAYO', 137), (1431, 'TORRES CAUSANA', 137), (1432, 'BELEN', 137), (1433, 'SAN JUAN BAUTISTA', 137), (1434, 'YURIMAGUAS', 138), (1435, 'BALSAPUERTO', 138), (1436, 'BARRANCA', 138), (1437, 'CAHUAPANAS', 138), (1438, 'JEBEROS', 138), (1439, 'LAGUNAS', 138), (1440, 'MANSERICHE', 138), (1441, 'MORONA', 138), (1442, 'PASTAZA', 138), (1443, 'SANTA CRUZ', 138), (1444, 'TENIENTE CESAR LOPEZ ROJAS', 138), (1445, 'NAUTA', 139), (1446, 'PARINARI', 139), (1447, 'TIGRE', 139), (1448, 'TROMPETEROS', 139), (1449, 'URARINAS', 139), (1450, 'RAMON CASTILLA', 140), (1451, 'PEBAS', 140), (1452, 'YAVARI', 140), (1453, 'SAN PABLO', 140), (1454, 'REQUENA', 141), (1455, 'ALTO TAPICHE', 141), 
(1456, 'CAPELO', 141), (1457, 'EMILIO SAN MARTIN', 141), (1458, 'MAQUIA', 141), (1459, 'PUINAHUA', 141), (1460, 'SAQUENA', 141), (1461, 'SOPLIN', 141), (1462, 'TAPICHE', 141), (1463, 'JENARO HERRERA', 141), (1464, 'YAQUERANA', 141), (1465, 'CONTAMANA', 142), (1466, 'INAHUAYA', 142), (1467, 'PADRE MARQUEZ', 142), (1468, 'PAMPA HERMOSA', 142), (1469, 'SARAYACU', 142), (1470, 'VARGAS GUERRA', 142), (1471, 'TAMBOPATA', 143), (1472, 'INAMBARI', 143), (1473, 'LAS PIEDRAS', 143), (1474, 'LABERINTO', 143), (1475, 'MANU', 144), (1476, 'FITZCARRALD', 144), (1477, 'MADRE DE DIOS', 144), (1478, 'HUEPETUHE', 144), (1479, 'I&Ntilde;APARI', 145), (1480, 'IBERIA', 145), (1481, 'TAHUAMANU', 145), (1482, 'MOQUEGUA', 146), (1483, 'CARUMAS', 146), (1484, 'CUCHUMBAYA', 146), (1485, 'SAMEGUA', 146), (1486, 'SAN CRISTOBAL', 146), (1487, 'TORATA', 146), (1488, 'OMATE', 147), (1489, 'CHOJATA', 147), (1490, 'COALAQUE', 147), (1491, 'ICHU&Ntilde;A', 147), (1492, 'LA CAPILLA', 147), (1493, 'LLOQUE', 147), (1494, 'MATALAQUE', 147), (1495, 'PUQUINA', 147),
(1496, 'QUINISTAQUILLAS', 147), (1497, 'UBINAS', 147), (1498, 'YUNGA', 147), (1499, 'ILO', 148), (1500, 'EL ALGARROBAL', 148), (1501, 'PACOCHA', 148), (1502, 'CHAUPIMARCA', 149), (1503, 'HUACHON', 149), (1504, 'HUARIACA', 149), (1505, 'HUAYLLAY', 149), (1506, 'NINACACA', 149), (1507, 'PALLANCHACRA', 149), (1508, 'PAUCARTAMBO', 149), (1509, 'SAN FCO.DE ASIS DE YARUSYACAN', 149), (1510, 'SIMON BOLIVAR', 149), (1511, 'TICLACAYAN', 149), (1512, 'TINYAHUARCO', 149), (1513, 'VICCO', 149), (1514, 'YANACANCHA', 149), (1515, 'YANAHUANCA', 150), (1516, 'CHACAYAN', 150), (1517, 'GOYLLARISQUIZGA', 150), (1518, 'PAUCAR', 150), (1519, 'SAN PEDRO DE PILLAO', 150), (1520, 'SANTA ANA DE TUSI', 150), (1521, 'TAPUC', 150), (1522, 'VILCABAMBA', 150), (1523, 'OXAPAMPA', 151), (1524, 'CHONTABAMBA', 151), (1525, 'HUANCABAMBA', 151), (1526, 'PALCAZU', 151), (1527, 'POZUZO', 151), (1528, 'PUERTO BERMUDEZ', 151), 
(1529, 'VILLA RICA', 151), (1530, 'PIURA', 152), (1531, 'CASTILLA', 152), (1532, 'CATACAOS', 152), (1533, 'CURA MORI', 152), (1534, 'EL TALLAN', 152), (1535, 'LA ARENA', 152), (1536, 'LA UNION', 152), (1537, 'LAS LOMAS', 152), (1538, 'TAMBO GRANDE', 152), (1539, 'AYABACA', 153), (1540, 'FRIAS', 153), (1541, 'JILILI', 153), (1542, 'LAGUNAS', 153), (1543, 'MONTERO', 153), (1544, 'PACAIPAMPA', 153), (1545, 'PAIMAS', 153), (1546, 'SAPILLICA', 153), (1547, 'SICCHEZ', 153), (1548, 'SUYO', 153), (1549, 'HUANCABAMBA', 154), (1550, 'CANCHAQUE', 154), (1551, 'EL CARMEN DE LA FRONTERA', 154), (1552, 'HUARMACA', 154), (1553, 'LALAQUIZ', 154), (1554, 'SAN MIGUEL DE EL FAIQUE', 154), (1555, 'SONDOR', 154), (1556, 'SONDORILLO', 154), (1557, 'CHULUCANAS', 155), (1558, 'BUENOS AIRES', 155), (1559, 'CHALACO', 155), (1560, 'LA MATANZA', 155), (1561, 'MORROPON', 155), (1562, 'SALITRAL', 155), (1563, 'SAN JUAN DE BIGOTE', 155), (1564, 'SANTA CATALINA DE MOSSA', 155), (1565, 'SANTO DOMINGO', 155), (1566, 'YAMANGO', 155), (1567, 'PAITA', 156), (1568, 'AMOTAPE', 156), (1569, 'ARENAL', 156), (1570, 'COLAN', 156), (1571, 'LA HUACA', 156), (1572, 'TAMARINDO', 156), (1573, 'VICHAYAL', 156), (1574, 'SULLANA', 157), (1575, 'BELLAVISTA', 157), (1576, 'IGNACIO ESCUDERO', 157), (1577, 'LANCONES', 157), (1578, 'MARCAVELICA', 157), (1579, 'MIGUEL CHECA', 157), (1580, 'QUERECOTILLO', 157), (1581, 'SALITRAL', 157), (1582, 'PARI&Ntilde;AS', 158), (1583, 'EL ALTO', 158), (1584, 'LA BREA', 158), (1585, 'LOBITOS', 158), (1586, 'LOS ORGANOS', 158), (1587, 'MANCORA', 158), (1588, 'SECHURA', 159), (1589, 'BELLAVISTA DE LA UNION', 159), (1590, 'BERNAL', 159), (1591, 'CRISTO NOS VALGA', 159), (1592, 'VICE', 159), (1593, 'RINCONADA LLICUAR', 159), (1594, 'PUNO', 160), (1595, 'ACORA', 160), (1596, 'AMANTANI', 160), (1597, 'ATUNCOLLA', 160), (1598, 'CAPACHICA', 160), (1599, 'CHUCUITO', 160), (1600, 'COATA', 160), (1601, 'HUATA', 160), (1602, 'MA&Ntilde;AZO', 160), (1603, 'PAUCARCOLLA', 160), (1604, 'PICHACANI', 160), (1605, 'PLATERIA', 160), (1606, 'SAN ANTONIO', 160), (1607, 'TIQUILLACA', 160), (1608, 'VILQUE', 160), (1609, 'AZANGARO', 161), (1610, 'ACHAYA', 161), (1611, 'ARAPA', 161), (1612, 'ASILLO', 161), (1613, 'CAMINACA', 161), (1614, 'CHUPA', 161), (1615, 'JOSE DOMINGO CHOQUEHUANCA', 161), (1616, 'MU&Ntilde;ANI', 161), (1617, 'POTONI', 161), (1618, 'SAMAN', 161), (1619, 'SAN ANTON', 161), (1620, 'SAN JOSE', 161), (1621, 'SAN JUAN DE SALINAS', 161), (1622, 'SANTIAGO DE PUPUJA', 161), (1623, 'TIRAPATA', 161), (1624, 'MACUSANI', 162), (1625, 'AJOYANI', 162), (1626, 'AYAPATA', 162), (1627, 'COASA', 162), (1628, 'CORANI', 162), (1629, 'CRUCERO', 162), (1630, 'ITUATA', 162), (1631, 'OLLACHEA', 162), (1632, 'SAN GABAN', 162), (1633, 'USICAYOS', 162), (1634, 'JULI', 163), (1635, 'DESAGUADERO', 163), (1636, 'HUACULLANI', 163), (1637, 'KELLUYO', 163), (1638, 'PISACOMA', 163), (1639, 'POMATA', 163), (1640, 'ZEPITA', 163), (1641, 'ILAVE', 164), (1642, 'CAPAZO', 164), (1643, 'PILCUYO', 164), (1644, 'SANTA ROSA', 164), (1645, 'CONDURIRI', 164), (1646, 'HUANCANE', 165), (1647, 'COJATA', 165), (1648, 'HUATASANI', 165), (1649, 'INCHUPALLA', 165), (1650, 'PUSI', 165), (1651, 'ROSASPATA', 165), (1652, 'TARACO', 165), (1653, 'VILQUE CHICO', 165), (1654, 'LAMPA', 166), (1655, 'CABANILLA', 166), (1656, 'CALAPUJA', 166), (1657, 'NICASIO', 166), (1658, 'OCUVIRI', 166), (1659, 'PALCA', 166), (1660, 'PARATIA', 166), (1661, 'PUCARA', 166), (1662, 'SANTA LUCIA', 166), (1663, 'VILAVILA', 166), (1664, 'AYAVIRI', 167), (1665, 'ANTAUTA', 167), (1666, 'CUPI', 167), (1667, 'LLALLI', 167), (1668, 'MACARI', 167), (1669, 'NU&Ntilde;OA', 167), (1670, 'ORURILLO', 167), (1671, 'SANTA ROSA', 167), (1672, 'UMACHIRI', 167), (1673, 'MOHO', 168), (1674, 'CONIMA', 168), (1675, 'HUAYRAPATA', 168), (1676, 'TILALI', 168), (1677, 'PUTINA', 169), (1678, 'ANANEA', 169), (1679, 'PEDRO VILCA APAZA', 169), (1680, 'QUILCAPUNCU', 169), (1681, 'SINA', 169), (1682, 'JULIACA', 170), (1683, 'CABANA', 170), (1684, 'CABANILLAS', 170), (1685, 'CARACOTO', 170), (1686, 'SANDIA', 171), (1687, 'CUYOCUYO', 171), (1688, 'LIMBANI', 171), (1689, 'PATAMBUCO', 171), (1690, 'PHARA', 171), (1691, 'QUIACA', 171), (1692, 'SAN JUAN DEL ORO', 171), (1693, 'YANAHUAYA', 171), (1694, 'ALTO INAMBARI', 171), (1695, 'YUNGUYO', 172), (1696, 'ANAPIA', 172), (1697, 'COPANI', 172), (1698, 'CUTURAPI', 172), (1699, 'OLLARAYA', 172), (1700, 'TINICACHI', 172), (1701, 'UNICACHI', 172), (1702, 'MOYOBAMBA', 173), (1703, 'CALZADA', 173), (1704, 'HABANA', 173), (1705, 'JEPELACIO', 173), (1706, 'SORITOR', 173), (1707, 'YANTALO', 173), (1708, 'BELLAVISTA', 174), (1709, 'ALTO BIAVO', 174), (1710, 'BAJO BIAVO', 174), (1711, 'HUALLAGA', 174), (1712, 'SAN PABLO', 174), (1713, 'SAN RAFAEL', 174), (1714, 'SAN JOSE DE SISA', 175), (1715, 'AGUA BLANCA', 175), (1716, 'SAN MARTIN', 175), (1717, 'SANTA ROSA', 175), (1718, 'SHATOJA', 175), (1719, 'SAPOSOA', 176), (1720, 'ALTO SAPOSOA', 176), (1721, 'EL ESLABON', 176), (1722, 'PISCOYACU', 176), (1723, 'SACANCHE', 176), (1724, 'TINGO DE SAPOSOA', 176), (1725, 'LAMAS', 177), (1726, 'ALONSO DE ALVARADO', 177), (1727, 'BARRANQUITA', 177), (1728, 'CAYNARACHI', 177), (1729, 'CU&Ntilde;UMBUQUI', 177), (1730, 'PINTO RECODO', 177), (1731, 'RUMISAPA', 177), (1732, 'SAN ROQUE DE CUMBAZA', 177), (1733, 'SHANAO', 177), (1734, 'TABALOSOS', 177), (1735, 'ZAPATERO', 177), (1736, 'JUANJUI', 178), (1737, 'CAMPANILLA', 178), (1738, 'HUICUNGO', 178), (1739, 'PACHIZA', 178), (1740, 'PAJARILLO', 178), (1741, 'PICOTA', 179), (1742, 'BUENOS AIRES', 179), (1743, 'CASPISAPA', 179), (1744, 'PILLUANA', 179), (1745, 'PUCACACA', 179), (1746, 'SAN CRISTOBAL', 179), (1747, 'SAN HILARION', 179), (1748, 'SHAMBOYACU', 179), (1749, 'TINGO DE PONASA', 179), (1750, 'TRES UNIDOS', 179), (1751, 'RIOJA', 180), (1752, 'AWAJUN', 180), (1753, 'ELIAS SOPLIN VARGAS', 180), (1754, 'NUEVA CAJAMARCA', 180), (1755, 'PARDO MIGUEL', 180), (1756, 'POSIC', 180), (1757, 'SAN FERNANDO', 180), (1758, 'YORONGOS', 180), (1759, 'YURACYACU', 180), (1760, 'TARAPOTO', 181), (1761, 'ALBERTO LEVEAU', 181), (1762, 'CACATACHI', 181), (1763, 'CHAZUTA', 181), (1764, 'CHIPURANA', 181), (1765, 'EL PORVENIR', 181), (1766, 'HUIMBAYOC', 181), (1767, 'JUAN GUERRA', 181), (1768, 'LA BANDA DE SHILCAYO', 181), (1769, 'MORALES', 181), (1770, 'PAPAPLAYA', 181), (1771, 'SAN ANTONIO', 181), (1772, 'SAUCE', 181), (1773, 'SHAPAJA', 181), (1774, 'TOCACHE', 182), (1775, 'NUEVO PROGRESO', 182), (1776, 'POLVORA', 182), (1777, 'SHUNTE', 182), (1778, 'UCHIZA', 182), (1779, 'TACNA', 183), (1780, 'ALTO DE LA ALIANZA', 183), (1781, 'CALANA', 183), (1782, 'CIUDAD NUEVA', 183), (1783, 'INCLAN', 183), (1784, 'PACHIA', 183), (1785, 'PALCA', 183), (1786, 'POCOLLAY', 183), (1787, 'SAMA', 183), (1788, 'CORONEL GREGORIO ALBARRACIN LANCHIPA', 183), 
(1789, 'CANDARAVE', 184), (1790, 'CAIRANI', 184), (1791, 'CAMILACA', 184), (1792, 'CURIBAYA', 184), (1793, 'HUANUARA', 184), (1794, 'QUILAHUANI', 184), (1795, 'LOCUMBA', 185), (1796, 'ILABAYA', 185), (1797, 'ITE', 185), (1798, 'TARATA', 186), (1799, 'CHUCATAMANI', 186), (1800, 'ESTIQUE', 186), (1801, 'ESTIQUE-PAMPA', 186), (1802, 'SITAJARA', 186), (1803, 'SUSAPAYA', 186), (1804, 'TARUCACHI', 186), (1805, 'TICACO', 186), (1806, 'TUMBES', 187), (1807, 'CORRALES', 187), (1808, 'LA CRUZ', 187), (1809, 'PAMPAS DE HOSPITAL', 187), (1810, 'SAN JACINTO', 187), (1811, 'SAN JUAN DE LA VIRGEN', 187), (1812, 'ZORRITOS', 188), (1813, 'CASITAS', 188), (1814, 'ZARUMILLA', 189), (1815, 'AGUAS VERDES', 189), (1816, 'MATAPALO', 189), 
(1817, 'PAPAYAL', 189), (1818, 'CALLERIA', 190), (1819, 'CAMPOVERDE', 190), (1820, 'IPARIA', 190), (1821, 'MASISEA', 190), (1822, 'YARINACOCHA', 190), (1823, 'NUEVA REQUENA', 190), (1824, 'RAYMONDI', 191), (1825, 'SEPAHUA', 191), (1826, 'TAHUANIA', 191), (1827, 'YURUA', 191), (1828, 'PADRE ABAD', 192), (1829, 'IRAZOLA', 192), (1830, 'CURIMANA', 192), (1831, 'PURUS', 193);
select * from private.distritos where distrito = 'ILAVE';

insert into private.personas(distrito_id, documento, nombres, paterno, materno, nacimiento, sexo, telefono, fotografia, direccion, correo) values
(1641, '48207109', 'VICTOR JHAMPIER', 'CAXI', 'MAQUERA', '1994/03/28', 1, '968991714', 'assents/public/tu39hnri84fheg.png', 'Jr. Amazonas 1234', 'victorjhampier@gmail.com'),
(1728, '70240254', 'GUIDO PEDRO', 'JARA', 'ACCHA', '1989/06/27', 1, '931864569', 'assents/public/tu39hWR45Rgfh78gfr.png', 'BARRIO SAN FRANCISCO JAVIER', 'jaraperdo_345@hotmail.com'),
(1641, '47698577', 'MARIA CLARET', 'JULI', 'TARAPA', '1992/06/27', 2, '931423569', 'assents/public/tu39hWR45Rgfh787GYgfr.png', 'BARRIO SAN FRANCISCO JAVIER', 'claret_35_maria5@hotmail.com');
select * from private.personas;

insert into private.permisos values
(8, 1000, '1-0-0-0 | LEER, -, -, -'),
(9, 1001, '1-0-0-1 | LEER, -, -, BORRAR'),
(10, 1010, '1-0-1-0 | LEER, -, ACTUALIZAR, -'),
(11, 1011, '1-0-1-1 | LEER, -, ACTUALIZAR, BORRAR'),
(12, 1100, '1-1-0-0 | LEER, ESCRIBIR, - , -'),
(13, 1101, '1-1-0-1 | LEER, ESCRIBIR, - ,BORRAR'),
(14, 1110, '1-1-1-0 | LEER, ESCRIBIR, ACTUALIZAR, -'),
(15, 1111, '1-1-1-1 | LEER, ESCRIBIR, ACTUALIZAR, BORRAR');
select * from private.permisos;

insert into private.roles (rol_id, rol, descripcion) values
(1,'Ninguno','Sin privilegios en el sistema'),
(2,'Superusuario','Tiene permiso para acceder a todos los elementos del sistema'),
(3,'Administrador','Tiene permiso pata acceder a elementos de asistencia del sistema'),
(4,'Asistente','crear, actulizar, enviar');
update private.roles set id_rol=null where rol_id =1;
select * from private.roles;

insert into private.apps (app_id, app, controller, autor, awebsite, version, descricpcion) values 
(1001,'Inicio', 'inicio', 'Arix Mee Company','www.arixmee.com','V1.0','Aplicacion dedicado a la mensajer??a'),
(1002,'Configuraciones', 'configuraciones', 'Arix Mee Company','www.arixmee.com','V1.1','App para configurar el comportamiento del sistema'),
(1003,'Arix Store', 'arixstore', 'Arix Mee Company','www.arixmee.com','V1.0','Aplicacion dedicado a la administracion de aplicaciones');
update private.apps set id_app= null where app_id = 1001;
select * from private.apps;

/*Instalacion pendiente --------start--------- */
insert into private_apps (app_id, app, controller, autor, awebsite, version, descricpcion) values 
(2001,'PMB User', 'pmbuser', 'Arix Community','www.arixmee.com','V2.0','App para la administraci??n de usuarios para SIGB-PMB');
select * from private.apps;
insert into private_submenus(app_id,submenu) values 
(20011,2001,'Registro de Usuarios'),(20012,2001,'Carn??s'),(20013,2001,'Reportes');
insert into nprivate_subapps (submenu_id, subapp, controller, rol) values
(20011,'??ltimos registros','ultimos',7),(20011,'Actualizaci??n','actualizacion',6),
(20012,'Impresos','impresos',7),(20012,'Pendientes','pendientes',7),(20012,'Duplicar','duplicar',6),(20012,'Caducos','caducos',6),
(20013,'Estad??sticas','estadisticas',7),(20013,'Ingresos','ingresos',6);
select * from private_subapps;
/*Instalacion pendiente --------end--------- */

insert into private.submenus(submenu_id, app_id,submenu) values 
(10011,1001,'Mensajes'),(10012,1001,'Acontecimientos'),(10013,1001,'Ajustes'),
(10021,1002,'Mi empresa'),(10022,1002,'Mis usuarios'),(10023,1002,'Ajustes'),(10024,1002,'Programador'),
(10031,1003,'Software');
select * from private.submenus;

insert into private.subapps (submenu_id, subapp, controller, rol) values
(10011,'Notificaciones','notificaciones',7)/*inicio*/,(10011,'Mensajer?a','mensajeria',7)/*buzon*/,(10011,'Contactos','contactos',7)/*Salida*/,
	(10012,'Mis eventos','eventos',7),(10012,'Agenda','agenda',7), (10012,'Calendario','calendario',7),
	(10013,'Ajustes generales','generales',7),(10013,'Perfil de usuario','perfilusuario',7)/*recomedanciomes*/, (10013,'Cuenta de usuario','cuentausuario',7),
(10021,'Sucursales','sucursales',6),(10021,'?reas','areas',6),(10021,'Empleados','empleados',6),
	(10022,'Usuarios del sistema','usuarios',4),(10022,'Grupos','grupos',4),    
	(10023,'Contabilidad','contabiblidad',7),(10023,'Reportes','reportes',7),(10023,'Impresoras','impresoras',6),(10023,'C?maras','camaras',6),
	(10024,'Crear App','newapp',6),(10024,'Subir App','uploadapp',6),
(10031,'Apps instaladas','instaladas',7),(10031,'Apps recomendadas','recomendadas',6), (10031,'Todo las Apps','todos',6);
select * from private.subapps;

/*---------------CONFIG----------------------------------------*/
insert into config.empcategorias(categoria_id,categoria) values
('5e00416e2a8ac','TRANSPORTES'), ('5e0041a439b77','RESTAURANTES'),('5e004228a09df','CASAS DE CAMBIO'), ('5e00425c57126','MUNICIPALIDADES'),('5e06a10d99f2f','VENTAS GENERALES NO PERECIBLES');
select * from config.empcategorias;

insert into config.empsubcategorias (subcategoria_id,categoria_id, subcategoria) values
('5e0044bde3e45','5e00416e2a8ac','PARA TODOS LAS SUBCATEGORIAS'),('5e004521def7d','5e00416e2a8ac','TRANSPORTE REGIONAL'),('5e00453c3395c','5e00416e2a8ac','TRANSPORTE PROVINCIAL'),
('5e004559dd082','5e0041a439b77','PARA TODOS LAS SUBCATEGORIAS'),('5e004575e63e9','5e0041a439b77','POLLERIAS,QUINTAS,CHIFAS'),('5e00458d0f767','5e0041a439b77','CAFETER?AS'),('5e0045a91658f','5e0041a439b77','HELADER?AS'),
('5e0045c709f8f','5e004228a09df','PARA TODOS LAS SUBCATEGORIAS'),('5e0045f3115bc','5e004228a09df','PRESTAMINSTAS'),
('5e0046140bfc5','5e00425c57126','PARA TODOS LAS SUBCATEGORIAS'),('5e0046928c2c0','5e00425c57126','REGIONALES'),('5e0046928c2cb','5e00425c57126','PROVINCIALES'),('5e0046c7be21f','5e00425c57126','DISTRITALES'),
('5e06a94011b2e','5e06a10d99f2f','TODAS LAS CATEGORIAS'), ('5e06a9540f609','5e06a10d99f2f','VENTAS AL POR MENOR'),('5e06a96422c71','5e06a10d99f2f','VENTAS AL POR MAYOR');
select * from config.empsubcategorias where subcategoria_id = '5e0044bde3e45';
/**ESTO DEBE CAMBIAR SEGUN LA EMPRESA*/

insert into config.sucusales (sucpadre_id, distrito_id, subcategoria_id, adminstrador_id, ruc, rsocial, nombre, direccion) values
(null, 1594, '5e0044bde3e45', 1, '2014624708', 'MUNICIPALIDAD PROPINCIAL DE PUNO', 'BIBLIOTECA MUNICIPAL GAMALIEL CHURATA', 'Jr. Lima 550 Segundo Piso'),
(1, 1594, '5e0044bde3e45', 1, '2014624708', 'MUNICIPALIDAD PROPINCIAL DE PUNO', 'CASA DE LA CULTURA PUNO', 'Jr. Lima 550 Primer Piso');
select * from config.sucusales;
delete from config.sucusales where sucursal_id = 1

insert into config.areas(sucursal_id, areaminimal, area, funciones) values 
(1, 'B1-D01', 'DEPARTAMENTO DE ADMINISTRACI?N', 'ADMINISTRAR LA BIBLIOTECA'),
(1, 'B1-D02', 'DEPARTAMENTO DE CIRCULACI?N', 'ADMINISTRAR LOS DOCUMENTOS DE LA BIBLIOTECA'),
(1, 'B1-D03', 'DEPARTAMENTO DE CATALOGACI?N', 'ADMINISTRAR RECUSOS INFORM?TICOS DE LA BIBLIOTECA'),
(2, 'C1-D01', 'DEPARTAMENTO DE ADMINISTRACI?N', 'ADMINISTRAR LA CASA DE CULTURA'),
(2, 'C1-D02', 'DEPARTAMENTO DE ATENCI?N AL CLIENTE', 'ADMINISTRAR LOS DOCUMENTOS DE LA BIBLIOTECA');
select * from config.areas;

insert into config.profesiones(profesion) values
('No Definido'), ('SECUNRIA COMPLETA'),('ESTUDIANTE'),('INGENIERO'), ('LICENCIADO'), ('ABOGADO'), ('PROFESOR'),
('INGENIERO DE SISTEMAS'), ('INGENIERO ESTADISTICO');
select * from config.profesiones;

insert into config.empleados(persona_id, area_id, jefe_id, profesion_id, codigo) values
(1, 1, null, 8, '134118'), (1, 1, 1, 2, '018284');
select * from config.empleados;

insert into config.cuentas (empleado_id, root_id,permiso_id, correo, pass, passini) values
(1, NULL,15, 'victorjhamnpier@gmail.com', '$2y$12$7XBLmNAuuiDHjP0v06/pW.CFNB2vSrRQHzXIIG9EFLSWGOfzkE/Ue', '$2y$12$7XBLmNAuuiDHjP0v06/pW.CFNB2vSrRQHzXIIG9EFLSWGOfzkE/Ue');
select * from config.cuentas;

insert into config.cuentaapprol (app_id, cuenta_id, rol_id) values
(1001,1,2), (1002,1,2), (1003,1,2);/*Root Por defecto a todas las apps*/
select * from config.cuentaapprol;

insert into config.cuentasucursal (cuenta_id, sucursal_id) values
(2,1),(2,2);
select * from config.cuentasucursal;

/*---------CONSULTAS PARA LAS VISTAS PARA CONFIG------------------- */
select * from config.v_cuenta_app_rol WHERE cuenta_id = 4 and app_id = 1001 controller = 'arixstore' and id_app is null;
select * from config.v_persona_empleado_cuenta;
select * from config.v_persona_empleado;
select * from config.v_cuenta_sucursal;
select * from config.v_menu_subapp where app_id = 1002 and (rol = 5 OR rol = 7);

group by submenu_id, submenu
group by submenu_id;
AND rol>=4 (rol = 6 OR rol = 7)
group by submenu_id;
select * from config_xempleadoper;
select * from config_xuserempleado;
select * from private_distritos where distrito_id = 100;

/*----------------BASES PARA EL CIFRADO-----------------*/
insert into private.traductores (sal, llave) values
('08E22C5596EF7', 'Ea68ee0209cec07919eb46e35o'), ('E927B434B2524', 'E7d740084562ea774ce1e75d6ffa7dd8o'), ('3432E80D8F76F', 'Eb1cd415812907a8a2a3d360o'), 
('60353B08AE18A', 'E7413baad0e9cc61433f57c4031071o'), ('D2D11D642D2F7', 'E7d741f9665747bcceb0fbeab5f94957o'), ('7EA4951618EE3', 'E624bb52aa3627636ab5bae2o'), ('EA1B523269AFB', 'Ed9c8694c0ff3c4194a22660d3o'), 
('B9D71839C84E3', 'E7ea66f969a7254b0de87571do'), ('44C3E1E033C62', 'Ed743943e035df7f2aec869a1f193ddo'), ('988B7E199BA7F', 'Eed134cfc6e958b2109e7949f25o'), ('D426436FE20BC', 'Eac5d748b793734b2fd366eab4o'), ('7AC13E387E752', 'E9218ad13a900c5eb8238eb6b1o'), ('03BA99F21DED6', 'Ebdad3d449f4acd168de9b36a1o'), 
('E56DE909D1511', 'E7d745e1ced1e82695bbb3d718db28dfo'), ('F6A332B1C4BF4', 'E69fa9c12ba7db05605aa02f9d89o'), ('9AD96155D9A40', 'E9d7d7481606466bfabf0eedf59e3d2689o'), 
('04005D6550BB3', 'E748906d3d8e34749b61ba05adf34bo'), ('A93B84EDB93CD', 'Ed7494d60756eebc848d1007bed76c0o'), ('B7B246C60C75C', 'Ed74a05ad53006dd57d5d6451c37675o'), ('665CE38057C89', 'E9d7d74ac607508dd38baa41cb48247e81o'), 
('D8BBB654B951B', 'E74b7df22d2f7dcd58abcda4914df1o'), ('8160EF7795668', 'E54e48c8fd77cad720f881e1o'), 
('CCE321E325AE4', 'E74cb2ff93e2b80339b9696acfddbco'), ('0464344E1996F', 'E9d7d74d713992cd35443b9daf3ed06da8o'), ('57D599079A34C', 'Eded13b1c78eca67f0150b75affao'), ('8C42746FCF243', 'Ea4739529a69d6fc034da8b2b5o'), ('556DE552676B3', 'E62417fde3eb8f261df419824co'), ('2AD7E1C32523B', 'E24e22e6b6f29e97b84d8bf461co'), ('3796AE9FE06D8', 'Eec636626400dfde2257feea3eo'), ('F327E24C579B0', 'E1aabc133b4d36eab3635ce0o'), ('11F32C9E8FE06', 'E8eabf78b632f2c94e2775f9152o'), ('ADF0AA7FB93F8', 'E12dadf848341c5aacb8d1cf68co'), 
('A473D6F575D80', 'E7d752cc910e8552e4dc875d54bdd28ao'), ('03446434C89C4', 'E395c5f583e9f51fc4d5a5873b1do'), ('2520939198AF6', 'E9d7d754087b870289656335956d53de09o'), 
('12612B93FE416', 'E754c4989ddc8c8fe14f7b9be4511co'), ('C754BC32BD97D', 'E5f7aca685d8f2ff23d02f9cef19o'), ('E0D52F9DBEF47', 'E89e92fd270470f7d8f09a2d7o'), 
('92C886B41AC0B', 'E7d757f3b9ea1eb94f3168ab7f0d6cc3o'), ('6ACC829330047', 'E7a7261214f737982bb22d292o'), ('6994E2CDE0602', 'E9262c990972d28ec88800776eb2o'), ('8D4AF90DE52AD', 'E94b344f14c6c50e30e2b3e1o'), ('C907DE8C51169', 'E9d094f58d782985265ebaeaad1o'), 
('C57AB3930B08B', 'E75b6b73ec64df967ae825eac46772o'), ('D4865D5453070', 'Ed7d75c2784553fd6da992bb58442057do'), ('6D7C514238D5D', 'Ed75ce5999ff1fe9a06d0cce38ede4bo'), 
('17E5A1A2477B9', 'E75d4db9e79ceae58b196596f999a3o'), ('071C16F53C88D', 'E5dcc621fc3f7886deac6f90b03d9o'), ('9CB561252003B', 'Edf5e7973a2a0d2e54e1743c1b90o'), ('34563513FF415', 'E47f672a441fe4c77fafa7b038o'), ('DFF74F9B58D5C', 'Ef16611ecdeb215f24db75e6af7fo'), ('2E0FB51841AC5', 'E6990487cd5b6b23e39a3c9ao'), ('F89C522304A29', 'Eafc2da7c0ed17e2518aa936125o'), ('49FD3B0ABC402', 'E10847ffc49ba0894d7cbda2o'), ('FB8342B986658', 'E9d7d762e908df474305bcff2d8bb4b8d9o'), ('DF0A3D54236B0', 'Ed76383af38ec473d2f522fb3b8b640o'), ('7C6D2C67B38EE', 'Eb727727f0fcf8c027469b75e43o'), ('26EE0F2D6D9FE', 'Ea6907ac157cb1ce87588384fo'), ('8A3A11F191A27', 'E9d7d76552336c63b04ce7635f525703feo'), ('6220A77D58F62', 'E66551cded5047676e1158b776c49o'), ('42E9BA4E43369', 'E00be8d0e8bb2973c677b5a73o'), 
('C722ECB61ED8C', 'E77df1e3a6e6562502e21df431eo'), ('2F57EA98A399A', 'E7d76908da7cb4da1890f92d41cdbc13o'), ('9FF78B147453A', 'E9d7d769c0839f32259f467dafffafd256o'), ('CF3A46910F6B4', 'Ed76a79ab64155daae0c7c3586d6169o'), ('4F5A6101EF15A', 'Ed76b344d141ac3c3b89ac42aa91899o'), 
('410C25481EC64', 'E76c70739e63b27506ef4d897980aao'), ('CB8D54974E2CC', 'E6c45afb61f7b104b987712feo'), ('8BA5573FF5E55', 'Ed7d76da4f1ab9bd1206a93df4609d568o'), ('583655ACE89BA', 'E6009c0c65315dcd3c610d68335o'), ('568A71C6BE0EB', 'Ed5db27a43d623c5282e69726co'), ('CC255BD2D2E3D', 'E1b57e81a4076d3573b834328eo'), ('B46C928EBF731', 'E01a16bbc621b67030516d4794afo'), 
('070A6E0871D4F', 'E70d0dfe74f0867a7754ba8b4c0f5o'), ('987E1E83FDE90', 'E7d7719732f5c2b01e92faccbcf4016eo'), ('2AB9588D65B8C', 'Ea642b9545c083ffbf1ad3f798o'), ('9A4B753F24F42', 'E8020846d00dea309c77ebe9d7o'), ('036050059E835', 'E38869366bed54f926cd5ffba60fo'), ('C5EC5A17964FC', 'Ed774005ad501e58c4d247d1a88ec45o'), ('B700529B33FA9', 'Ed774bafbfbbab67f202ed59dc9e768o'), ('50A8E49532917', 'Ed775748977badf18555efceb113f0fo'), ('1662C0C584302', 'E35f6dd00a439092ab9c07ca0o'), ('54F747562B763', 'Ed776ee8972c4d9f980eba5c4bce4f6o'), ('6ACA79F493CEE', 'E9d7d778315080579654597f8b90ef532bo'), 
('EED2ACD308FC7', 'E79b2b5a84bf80fc3b45d93f5o'), ('7F775B1A70BE2', 'E7794a46d0b899732768ba2ff07d6bo'), ('FC6771F96143C', 'Ed77961c349b1e6b364b701e28a0961o'), ('E2F9DEA02F443', 'E9da4ea6f9d736fc901faa3ba91fo'), ('05FB4F64E94E2', 'Ed77a65019f225bc3cdc3e6f86aa1a6o'), ('CBEFB076C9E7F', 'Ed77ad547af8c4eadc658678d80d3bdo'), ('39E9789889EED', 'Ed7d77b9c52ca57419d28344dbd676e80o'), ('CDC84DE2700EE', 'Ed7d77c18941c693dbc39ba7e50e5697co'), ('10EC7A2B9686E', 'Edbc91a48b9d8d6e358b40a8o'), ('FB4E5326EF8C0', 'Ed77d44dcc76a6119bbade2f4e7a878o'), 
('F9B3B5F2A8B08', 'E7d77dfdb17e7804983f12fab67a4fedo'), ('F31E4F846C153', 'Ed77eb8a95e8c85ed69deeaac9572d6o'), ('42B1F54D1306D', 'Ef771aa67c8bab7ee7d7288a6867o'), ('78A8A91824B27', 'Ef2de987b2b0a6157f4afe155d3o'), 
('99C45646CFAF3', 'E7d780b35e7b6117303fda4d6de54931o'), ('0A05F1B023C48', 'Eece1433769969e583c27bdfcbo'), ('35ECBD874ED46', 'Ed781faad13e985577a4abf0d7410d2o'), ('C7346CCC62E8A', 'E0d668543220cc951eb1746fo'), ('3D84E43948E9A', 'E31f9fc7c52bbe5918d14c58bc63o'), ('72D1BDEC410F8', 'Ef741ff58c80
fd5850eedbc5o'), ('E7B893AFE190E', 'E785128c26901a2f4cfd390a377354o'), ('E4E699572D908', 'E1d43defa8102181d498f0df9do'), ('9F2CFD381FB4F', 'E647698e5c783d3ccdf8ea4fcbo'), ('A0E82F1124D02', 'Ed7d78689d0c43f611ebf
66e75c4dcff5o'), ('E70C8888F2913', 'Ed7874691b746971626aeda1ebca28bo'), ('B3C6A93AD3806', 'E9d7d7884cf0964619413ed72587794716o'), ('908E2282AC3D3', 'E8901c63099a3e530b5b64c0e5751o'), ('F73515E9971E4', 'Eb719a0797b47cb2a7d74c9b861o'), ('701357B6EDAF1', 'E55f3faf5c0d8c97af7af1ffo'), ('C484B3DA2E0A7', 'Ed253799744e145e3edb81419o'), ('A9E3D6103350F', 'Eaa09b01c226b7d4f02cd2de89do'), ('6FDD3888B84F8', 'E4e9286083405d55fe0741375do'), ('ECEDC6A48B643', 'Ed78c70aaf10b300eb6ed387eedc298o'), ('EDF0395FFB0C9', 'E9d7d78d25d105557cad85999d22c6501do'), ('950530E234580', 'Ed78dde5413c0230314f62b69027655o'), ('8420D22F0F620', 'Ee970f69f398b5f5e84339812110o'), ('4682D49951EE4', 'Ed78f51ba88f6555894d739b8fd59feo'), ('A789BFB005052', 'E90a23d9b9cba577940934836b300o'), 
('3344C9CFF0F3F', 'E7a447139fe116c273b18e1ab6o'), ('875BB4A8B917F', 'Ed7915d2ef14a918bb806002ccd036co'), ('E34B0AC586F93', 'E3f4510a28403233980ee42451o'), ('C7B672D21266A', 'E29457d9df926264057d1393o'), ('535E684DD4FC5', 'E2bb4f5333a509e8282c1c036791o'), 
('34989EF80AD14', 'E792fb9caa1e67987f6ea036a718f0o'), ('6D345F779C448', 'E4f1dba2b241575097b52f5ceefo'), ('10F4FE0D2376A', 'E6bf4dfd210ea11cc62baf8a18o'), ('02997919600FF', 'Ed7d794407db1e49411c8cfcca52d79f2o'), ('49D989D87DBEF', 'Eb2e036fa0403f4ba37619dbo'), ('E522540F45EB8', 'Eb419b0f3b8ed0f275be2e89e3o'), ('4212B6D717A06', 'E674430ebc2ddcbbd0855fc0073o'), ('36739DBBDE964', 'Ea27288ff471c6d4878217c1o'), 
('C6B4C7699D4A8', 'E7d7979e23c40a7f17b1a3bcefdeac0bo'), 
('EC8CCB0F2E94D', 'E799155f6ad3d445b3a8ef4e0a0d08o'), ('EFC51BAED5C24', 'Ea0de2e04795ab01647ab71bfdfo'), 
('D91740E7F0A72', 'E79a4b0ba8637b62825334068a457bo'), 
('7B916B01BC6F8', 'E7b695f7ccb2b5f3839cea7444o'), ('F90698A185B7A', 'Ec21132f46971126393b67d77deo'), ('D8B25639BF733', 'E6b6f30667725e654a09f4bb4o'), ('4BDF32FE1AD1E', 'E9c9e30c7c7328630f8e48c0c89deo'), ('5269394D1E531', 'E3d6516245cf1c24df83741e7e4o'), ('30BB205247D5B', 'E58bbff65d99776a27bdc74980o'), 
('411A315067A4D', 'E7d79e728e89c1de69f302e349a99efbo'), 
('040DB376CFEED', 'E79eedfebed3ad8198179c31208a79o'), ('3B2A248F1DF35', 'E9d7d79f656a16e993b653c056a1b1f02eo'), 
('8AB3FA7823188', 'E7d79fb6cd6f7c2f5e8d461190da8ce4o'), ('C62DDE7EA92B6', 'E283e3d6e2bb2db30e71fcad12o'), ('E88D585D07E4C', 'E419b4d56f18f5730b8fbb3c105o'), ('99399D268AB46', 'E1fcaedbe6537be3fa17b19619ado'), 
('DB09E8A0CB083', 'E7d7a2872531373e7fc3bec754de6d0fo'), ('5D250223C3A50', 'Ea30aa610c00eb350b60af5e3dc55o'), ('EBA26AAD0965F', 'Ea8128f2274bc0387e3852626o'), ('49DFA9A528B52', 'E9d7d7a3f99e21bf445e649aeea51d299do'), 
('FAC6D32341CAD', 'E7a567bd2d5eff983b68888a270b95o'), ('BE416DA773529', 'Ea6217244bb60f5b92e43157fe5c9o'), 
('9825D7313F31E', 'E7a6dbefcad14b65aed2356cd27cbco'), ('FCE83DAC55DB4', 'Ed7d7a758b1e543ddc8b0eedb5b743e28o'), ('8AD7890FA6E63', 'Ed7a812fff89b1e38487d5b7af7bf6ao'), ('16A4A5EC32313', 'Ea8d1be6f66b608f52f455ea93547o'), ('A1AC079B9FC73', 'E9d7d7a98cd74c477a3110bc4e77c1b31co'), ('5DE81D199C483', 'E9d7d7aa23bfda12b3f9e9de821f53ad7eo'), 
('50EA25BAF0715', 'E7d7aa935f81d8da003f3ac239c89ca8o'), ('833C7A69FCFF6', 'E9d7d7ab4925b58592591b22ede31c8313o'), ('E1E70DEA200C6', 'Ed7abfd64e3b45d0f0feaf3f8cc8044o'), ('AADA56937C21B', 'Ea5f2a4e80870b3d0d7047ccaa8o'), ('FA5EEC8657B1C', 'E3359009b4f9bf51d38da875069o'), ('4ABE1CE02230A', 'Ef9369c9dcb6c12159260c3cd6bo'), ('0E2F027824D1A', 'Eaeabdbc80e746a57050b95f6ecf9o'), 
('D5175EA224A76', 'E7af6b0868a334bf8ad3a2e802d611o'), ('EB88D6F9A3145', 'Eb024b71ec228ce2217aca3ce96a4o'), ('E1CF52CFC8405', 'E5fdc3b08a4e3433b2f077b4o'), ('DBFE154A0E977', 'E9d7d7b126010dd17353bcaaf85a310a98o'), ('996F4711FABE5', 'Ed7b175a2b294da780465afade7d3e7o'), ('523DE80290352', 'Ed7d7b1dc29001f321ec874726f4917c9o'), ('4A968BD2DD659', 'Eb293dee373bae20d
19b6ac52bc0bo'), ('E73C8DF8CF44D', 'E7b34e942696e5a0a5755515d2c53co'), 
('1348A727D137E', 'E7b40ba28aadc955757d2923da8ea1o'), ('B78D88D653E55', 'Ed7b527c8e36aa515ad19c0ef98f565o'), ('EA533D97CFA4E', 'E9d7d7b589f40cbc077dd2c0e87df14e57o'), ('5206AE59C959B', 'E379a2332e817e95edc98c4co'), ('1550490FD5FAD', 'E6a4185f2569851ccea28eaa47fbo'), ('03319F3DADF9D', 'Eb6f873a1cdfe9be27011076dafb7o'), ('0BBFA4ED0546B', 'E243b2fe2a6b4913805e35aff9o'), ('3930F5624FDDE', 'E812bf037dd4d94713015312e1b5o'), ('37F9162ACF568', 'E26641d694884ab6274fac18o'), ('70262F5CDDFB3', 'Ed7b9ac3682807336effd40ed3c6e78o'), ('D5288A7FE0A90', 'E9d7d7ba68a7a4071b460e9ba614388e88o'), ('B61E7D78CC2B6', 'E9d7d7bb29e170e9d3cf04274d8f060e4eo'), ('B6271AF5F1730', 'Ebd7c2b29dbc07264d1bcee469cao'), ('3C3EF17358B2D', 'Ec743357de42c325e06d63c41f86o'), ('509E0904CC75D', 'Ed7d7bcd542c73caa851df69e97f2a9f8o'), ('43B7071211098', 'E4c9c4daf891cbc142d71eb101fo'), ('B9AD2B77A06FA', 'E9097b3867b33fc32d5cbfc356o'), 
('77D34BD4D4CBB', 'E7d7bfc062b0a6b00935c3a6827427dfo'), ('05ED1F209EA68', 'E9ada7047f518148f4fba129o'), ('99A8A88ACD6F8', 'Ec0befeaee15de1c4a7b160d927a6o'), 
('8CE0DEA736D60', 'E737a19e7792c2d150d80df6co'), ('51C01E4D988DC', 'E23134dc2ad5d26310253def2b7bo'), ('0849DA514A888', 'E2db2dd6e282c87da8c7f332o'), ('96A5F480934D2', 'Ed7c36a240942922e9044ccb727a7afo'), ('8DEAD0BB39172', 'Ed7d7c3f8cef7907bbc72f04cc39beaf2o'), ('D50CDB07AD740', 'E859d13513505186e06c4a38bo'), 
('ADB719EEC314B', 'E7c4a2c47931c139156b46944069d7o'), ('E8EED91A8DDEF', 'Ec61198c6cd3129b3e6c9e180fb25o'), ('31377E701B040', 'E9d7d7c6d626e0ed4a40a6b97ab4323d77o'), ('19AA1E80C8A63', 'Ed7b83f88bdc3dd0f8bf396do'), ('9D498B83A5F7F', 'E9ced74fea89076ee40443f7ao'), ('1E579A29E32E7', 'Ec88d8c6d85aa6f653c69e091cfe2o'), 
('B6435FC86D49F', 'E7d7c912df00d9c52f1e3da2573e0ccbo'), ('76FA4341D47C8', 'Ec1be87a40199601b4865492o'), 
('6A1C89BF147BB', 'E7ca8340cf23fdade86c5be62156cfo'), ('F8E0E89C370FF', 'Eb56622a5076e7fb76451c1cfo'), ('2C1A4E770D50C', 'Ecbb4dd2d64532125d7f02e167b71o'), 
('B1F74B440A5F0', 'E7d7cc734295c7f4e55e970400eae4b3o'), ('0269A8B1D9827', 'Ecd6a34bf40ee4fbbf71bd8bc860co'), ('7A58A8099D3CA', 'Ece27fdeb870269c04c3e8db60f98o'), ('BFA1315A0027D', 'Eea59a088f2c9357be1f23e185ffo'), ('DC4FEEC8792EF', 'Ecf61117e70721371289f1aa049e1o'), ('88C6B2DFD0BFD', 'Ed01d147e56a4c52000a829bc1986o'), ('CBB75996133E6', 'Ed7d7d0d830736bad9af2b8f7031bf493o'), ('F745C65F50C31', 'E9d7d7d1d9f536cd407ab9bc1e9a5b4eafo'), ('D921BCE3931D2', 'E8a9068a776ada37579f32de315o'), ('919803E9BCEE8', 'E309732017a10625ad03a8739o'), ('16A13356F1AB7', 'E497b8896370bf793f64aa127o'), ('7781B537C3071', 'E052a51ef973f1d8844c87cao'), ('D8F5C961E829E', 'Ecedc8172951e77808af9f193o'), ('7200460DFAB6F', 'Ed7d5f8052593a54e33d99faaf5c523o'), ('483379E4B8594', 'E6734a8409dafdde9ced766f2do'), ('F8F9EE04AA8EC', 'Ed6f2e91ae93480d559ddbeb48dd4o'), ('30EFBA826D97A', 'Ed7d7a965516d6274a9fd907ee888f4o'), ('58A2B5CA90C15', 'Ed7d7d8679704a3a78957c8c3d283e50ao'), ('9B02BD5E7AFE9', 'E8e18071838fb37a675129ce66d0o'), 
('E66FE887A5CA9', 'E7d7d96f21e5533e660152ee902e2fcao'), ('A6442930CD550', 'Ed9efb23c6a1dd22f8975330ca1d1o'), ('09B9A12623FD3', 'Ed7d7dac19a3515d1cedf98b3cccf3e59o'), 
('7EFC9F13005CA', 'E7d7db166e36451ce9456399c607c64fo'), ('407AED56728FA', 'Edbd334eee29df025b7f98ad0d792o'), ('0D31128F1997F', 'Ed9fb841a3b35cd0694bad4do'), ('DEF83C3101889', 'Ec55ba076cd02054f43cf917e0o'), ('0C50C4708D2FE', 'E2b83c3bfe1043fa7269d05c523o'), ('5E86A724B57CE', 'Efb02e73e9489f3f23099597fo'), ('B039A80F568CA', 'Ed7d7defa585fa28b4f0d4a9573c78260o'), ('28DE6E3E9CF0F', 'Ef7c352f809c971d9c49c1174bb3o'), 
('E0836F420F3F8', 'E7e032fb378538bb7864abb435dcfbo'), 
('8A545B2DF5889', 'E7e0b15b7396f0f58fcc2b7f2777deo'), ('DD4B9F28B2480', 'E9d7d7e17ac058ee634da69db794579400o'), ('1BA6BCB4D6B98', 'Efb37f63499c07c1f54f09b74o'), ('5AE22EF9E3EEE', 'E532cd9b71b56ffc254d0eeeo'), ('0AB74DF048A2E', 'Ee2afedc0de285480f0e10aeccf7co'), 
('91FE956C31633', 'E7e362b72e14a49bcebf221c6e6de9o'), ('A54E6C587E24A', 'Ed7d7e419d0ddbab30802e0c764c89115o'), ('A3D4C7CC6CF15', 'E4d6010add0439bc80fccb5e6d09o'), ('A35AC7816DBC5', 'Ed7d7e597f2f9965c331257d58425a03ao'), ('71138F01E5ED8', 'E9d7d7e60dab64377b6640e1391a465f4do'), 
('A2E6A9D81379E', 'E7e6674a0e8f569b1f5b7d46152365o'), ('90B0D7C4E27EE', 'E9d7d7e6d587eb6127c9337bf95fbaeaf5o'), ('928979D37827D', 'Eb2c48c47cb2db8d084cf6467o'), ('7CF448C3976E3', 'E1da818c98db488dcfb966c36ao'), ('A5E66F1F091C6', 'Ee442a9aa7942ae53eb1e64202o'), ('61451D6224191', 'Ed7e979998261d6fba872d53e598f3do'), ('81789D6CF7449', 'E9d7d7e9f73299cfc6e84f0220560e24d6o'), ('6EB9E969EAF30', 'E8fded50e317cbd725f8bfb0o'), ('DD2506F2D783F', 'E694649587e697eb5b199705o'), 
('867B60953512D', 'E7d7ebefece37e3adb848c58978dabd5o'), ('9419A6A9A1E24', 'Eec28badc5741eadc546645c1f55bo'), ('6CDE3E37E7C2B', 'E9d7d7ece46b6093d7fc40ff6d9937abf6o'), ('1AE5D333A1821', 'Eedac12238aa5801357eb5c47c16ao'), ('1D4129BE1B10A', 'Ec61b479620c98140e045024o'), ('59A31DAB3F716', 'E9d7d7ee9dc5d0fa3c9b24f3aa58e3b132o'), 
('50DED59BE23AC', 'E7d7f3b9c5802529754cb39ccbd165deo'), ('2E1790FD060C3', 'E51fef09a7f3014d505f4a6233eo'), ('B131B3A5F7737', 'E5ba008a77f159b12cd48c58o'), ('DD0333CB29035', 'E800f1e220c6af3526d0c10790e730o'), 
('D498E7DA5EF7E', 'E7d80148a2d97bcf0191bd96083019f9o'), ('22EF54AB24BF9', 'Ed801d0cf5781018c174c8bfe837ba7o'), ('FDEF9CFB3F235', 'E32991b43a35e551a1b12ee58o'), 
('5B956F5E2B3CC', 'E7d802c2c7d1c13233dc0053cbf205f3o'), ('876616BADB3DD', 'Ed7d8037cd9e9873c093a568b03e5fa65o'), 
('248558E9F6C41', 'E789041c504dea3b777f3d5f20o'), ('58858F2A29868', 'E299fdc2afd22fc28a0e1c26d9o'), ('FEC838296AC29', 'E05718809fbc0dc18344c74442a26o'), ('A895ED366DF03', 'E517a8c625e0531b454edf90o'), ('CBF78647747C8', 'Ed8069406aa43de99ddde5a9080653bo'), 
('539410233E22C', 'E71eab732beab592b12d1d6169aco'), ('86D0498824A54', 'Ee8ba84ab00df48ea5c41a8ao'), ('06CEED13E00E5', 'Ed78639c356f1123982a7fef48o'), ('3E6189A1CA0C8', 'E1840dfce6c8580484bbe8dd34co'), ('D03DF57457BB7', 'E82bd63b1e22a954310027863fo'), ('9C839322158BA', 'E0a8ad660b5ab090405c6ad54d24fo'), ('1C5AE6E0B0CAD', 'E0b0f713008be3c353c983d1378a2o'), ('97CBAAAC5FBB6', 'Ed7d80bc719b7031bcff23805f03decbfo'), ('904C101C9F7B1', 'Ec43d988f3aea570ccc7db54fbb2o'), ('927129152A99E', 'E80d01a5e25bce9fc8e7f9f5035fdao'), ('888258DC4ECB0', 'E9d7d80dbb5c1db8279efa854285f82697o'), ('56D52BCCBDC9C', 'E92bfb198c34469a186058110co'), ('68A1610B24CA9', 'Ed60814ab14f9f1e2a376ac8co'), ('8A06348E5374C', 'E9d7d80f0b88e5a564d5eae8a51e615f68o'), ('6FD194B6416CF', 'Ed80fb3807644317e4d850b8980ab63o'), 
('F12ADB48D697C', 'E7696c0378452d93d8e11ba69o'), ('9016E6647B26C', 'Ed7d810f102f837549cda235c650d945eo'), ('2EC38ACD6F8F3', 'E12473b7d0a209fcaaf7c3e7d877o'), ('D7E1397898400', 'E11e8377151f47789c7d2adf32ab9o'), ('FD7CDEFC0E64D', 'E9d7d8126190eacf0864c164a3c1e9eb5bo'), ('4B3F4D61DA8BE', 'Ec2c333baa79d46933aa33e4o'), ('A4D73CF8090AB', 'E98f3a2aa17a9218d457b7a489fo'), ('DD9730FB988E0', 'Ed81450ae361a7e3a0a83c128dd2c6do'), ('E02B2710E3990', 'Ec630944a219c2f3d5dbf249fo'), ('BFE3A85ED8365', 'Eca95a192c782f0030e3fd1eo'), ('2FF009A2EEF12', 'E816480b74272df1226aa2c71c004eo'), ('25D18C501E53A', 'E6900828778270ab32ca7a26bb9bo'), ('19C6D2966F9F4', 'Ec35f88e89e225f406838775d5ao'), ('6D4BC0BFFDFE9', 'Ee04e1caf431ac2b0e037424o'), ('6FB9AB607E71C', 'E83cc06f4ca0a9025b96a9d7b060o'), ('11E229A95D899', 'E9d7d818b598fd6c692a0fd67bd6e16732o'), ('DC4492878FB96', 'E972b156e9211224f43c481a0979o'), ('EF0AF547E1743', 'E1a3d0f7d6e93d993e0ea9ebb2782o'), ('E5502F8D9F60A', 'Efc3a48f68ae94e587ca182b8fo'), 
('7C56DB0AB50CE', 'E7d81b7497adecfc4a7e9303250a2132o'), ('E0D5C96AC9654', 'Ed81c2320dfda4407c9069ea3d2cf04o'), ('A7DC418E20559', 'Ed81c6ed036983cdec0d4cd69d47b36o'), ('8E175792A3756', 'E199a60c9a0dd75f56dac4689f8o'), ('8B956C355F990', 'E81dd098a3ed93c0047a88355e39c3o'), ('4CC30F8CA01E7', 'Edbc37530e162ccd3d85fb993o'), ('A0941FE613A42', 'Ed7d81f3b8c57a3e01cd522130487f2dco'), ('E4D89818DA046', 'E81f8df5781fca5eeb1038018e3a1do'), ('CEB8CBF0D070D', 'Eed6f2365848f29f2a18ab665b4o'), ('B60854C059E51', 'E9d7d8208a0407b9509034c2f7a0caf86eo'), ('7E62DC4DE75C5', 'E2150719bc239852a313c55c58b6fo'), ('A1E0CC822FB70', 'E34ceae013b5733edd5c56dao'), ('25CFA79DC20B1', 'E259e49ca94cd8a843fc0ceffo'), ('4CC936000AD93', 'E2b79c7a21d00d11737d8b76b958o'), ('12ADA5275F397', 'E376c643da333102a3bb527ecda6o'), ('5DF3ADC5A3238', 'Ed823f0bac2534c1b36717c5d55fafdo'), ('D7F43F8BC0F9B', 'E4eae36598e8087e20033a656517o'), ('551AF8BBAC457', 'E25a63bd38f7ef38789c8e9ba86b7o'), ('CB8310BF5B82A', 'E9d7d8264934d28b03e2db
1681ac70bb37o'), ('E7E2B434E4A2B', 'E9cc4e87dc0e65eba1acd118o'), ('EF75A3B73FF20', 'E826fa9c8bde570e16d37b50fa7d03o'), ('6F984B90625A6', 'E9d7d827adeb23ce75c75c8aeb2901a458o'), ('C616623A9976B', 'E8282a9f035c9414e9e8545e45cbe9o'), ('CB9C892B1D6B9', 'E6a10a64e4990d3a219f3de3o'), ('A043E223EED8A', 'Eff592059fc001f172c9acac47o'), ('FAB57979EC133', 'E82a1ef5acb9d1a8ba49037cd5e102o'), ('923C5BE90E5C4', 'E2b387d211ff7c823af772d3f9c0ao'), ('83FC816C1DE69', 'E96d84d19dfe19ebacce7d8484o'), 
('386A7CEC39DC6', 'E78c00a72471b22015fbc477o'), ('67C4F53CDF0BF', 'E9d7d82c50003d652e7eb15b84c1b4bd89o'), ('1112D203173F7', 'Ecf128a7c549bc6fdfbbdd7ae014o'), 
('AEC8B03C5B607', 'E7d82d4b1f309de3be00053ca98b6366o'), ('64044C523E3FB', 'Ed82e09349af9a922aff2329611d897o'), ('9D4FABA55D7C5', 'Ec7d53fc5bb1a9f338b7757bfo'), 
('439E04FAE998B', 'E79075214a819d6969b70a93o'), ('8B90555F267CF', 'Ec2f18ec97fbb7d5cf1975a4affo'), ('39FA5A80678C5', 'E60d0f28bddb4b0bdff57a7fb0do'), ('10F2387799B9A', 'Ed7d8309bfc1c9605f870599e40147504o'), ('99C19F14BFFF4', 'Ed7d830f5367bad6732ce132b2747f039o'), ('B9C8E23CE9738', 'E831797e4490c978d4014642df6516o'), ('D2DA019D62232', 'Ed7d831b03d6cf51fa514c30a4846240eo'), ('84C7FC4DD7AF5', 'E22e0717536c24dd1b3dd24cbb9fo'), ('346DE58783541', 'Ed833f0dca893d1e66c407e9a4e7e88o'), ('31CAA629E0B94', 'E97e176214b55c4cea47c0e8o'), 
('1EEF01E792F60', 'E7d83558ba4e55d06fdb9cb3d35dd3b6o'), ('6D780AD6B7A84', 'Ebea2a18a9a2c355fc06677fao'), ('DAECB949B6057', 'Ed836ce43cb6a781ac59b4b0073f04fo'), ('A257B83E6F1EF', 'E25b7bd6f7dc3633247f8b8aco'), ('A179B7C3286E8', 'E837ce42d8060bd6c6ea2377bd0ed8o'), ('686283C0B6897', 'E83808d7691e94feb1f363b228c0beo'), ('6CCE0A588C1AE', 'E826b5b4693fabcbcb32daec40o'), ('1893AD436F8A4', 'E03bed8cedb2bc9fba454b4479o'), ('24419C47C958D', 'E839bd2fc31218317c37897b2c08b3o'), 
('4A1AFCDB9596B', 'E7d83a77e3736ef96b45df74d5370038o'), ('64ECDF3BE9C83', 'E6408e320cbc17441aae6f58f1o'), ('78843F8A73C2A', 'Ed7d83bc5d8d95599e966ccadcf2c67b5o'), ('ED1C931E44B8F', 'Ec569fcd295982864b44d11cd11bo'), ('5F30FAEBE9127', 'Ed83ce9905518f0085445425c4caea3o'), ('F1BDE497F7DF9', 'Ee5c50f2d8b181ff05268923o'), ('392C74A0AFE6D', 'Ee0adccdf5e514674c19c21d0cfdo'), ('8BFD37CE72E40', 'Ed83ea05a6ae692d7e4a410bdd71b0ao'), ('4CE9601FB7DB3', 'E3f1aa1cfdab27d016d32a20d4354o'), ('D79C8D9E615B6', 'Ecc6c0424fc615aed83c05922o'), 
('9587C555DB59B', 'E76fee9cc2e6de18c1e02498f5fo'), ('BCA10A73CA7A1', 'Ed840cf94c320fb97b6990a91240e08o'), ('3163D1AE84AD1', 'E9e139e7272ac3fc5b54c9b9a7o'), ('C4ABBBE911544', 'Ed84246a3f6e43eb6948cc5767c9b5ao'), ('4E1147F7D49AD', 'E9d7d842de5e0e2bd81b16699282f8d021o'), ('8C1C23E08E1C4', 'E6fa8f0dd2f089358e870ddaao'), ('5C19EEDF87E9E', 'E8447dadb9257e510539839348a7d2o'), ('C74D5D794C942', 'E845364e6c7142f9ced0a4b40c9ceeo'), ('73FDAEF6751F3', 'E9d7d845f19e9f827e910909588a8f3da4o'), ('D6F688E87F351', 'E9d7d846ac4e92e87640f76d02f1181c30o'), ('C8DCB51B7F32D', 'E6c1999db1ca4aedaf75ed1859o'), ('0E2D4C6A6A396', 'E3df542fa45d71c54a937780o'), ('7EB94CBB43749', 'Ed84823c90484428db8b68f8077990do'), ('BD0673695DA09', 'Eb92a7c3c660f81fbbfa4e401a6o'), ('F9A4578886A21', 'Ed849587c14ae19dea0fa96cf6b4a09o'), ('1ABC199496E08', 'Ed7d84a1d0a49af299bfbbb7237d76955o'), ('E994BA8BF0CFF', 'E9d7d84a93aac153dad720215edc102414o'), ('7B30051B4B30F', 'E44280dbe644f6d519c5e1eec95o'), ('8B230CA7F4064', 'E30a641b17e20d361635fcdeo'), ('CCEBD1669737D', 'Ed0e835e452fbeae717b4212fo'), ('877272FA39E9B', 'Ed7d84d428b250cdf43e6521a0046639co'), ('348D4C6E31EFE', 'Ed7d84dfe35bb04e92c278216de1094bbo'), ('7E6CD9E8503EE', 'Ebf74dd867693e3e7156b64011do'), 
('0BFA7435E99E0', 'E7d84f35696f6d66c15ac299c31d88c5o'), ('63E813B79E7E1', 'E20b004da1a7d02d4b3c3d4b12o'), ('98CEE21E10692', 'E9d7d850b14bed34a0cf25425bfc15c462o'), ('3D40A63A8E6C8', 'Ed7d851683f28e62e1142df1c2bd63840o'), ('C83A978D01A5E', 'Ed851f0530d726a1bff2f20d79156d1o'), ('C391DFB74D039', 'E852a3f99329f50ae12a66a78baa09o'), ('8AAA5A53E8B2D', 'E2fee0d7aa4b54f44074314d8eb3o'), ('4F90928A83AA3', 'Ed7d853f35a649e4e1deac178a73d4acco'), ('380C1398D9D3D', 'E9d7d85515f5e4639c04c7ec022ef29d05o'), ('2B81E22144E48', 'E2a4eea097f7aab352a85255o'), ('967268595FBBA', 'Ea74e23eea254c89d1bd1ea9o'), ('A063DD4711DCF', 'E856abfa0bbc89a98e263b6c53337co'), ('13A4D12D73DD6', 'Eedfa4edc416c4b8a026b416o'), ('58901F3A3966D', 'E1bc9bec32ff1c9b8cef85df4o'), ('80AD6E939A636', 'Ee639c87ecfcf63ba75944c1beo'), ('F63DD0BC6F841', 'Ed85804691d3610bffc8451f833e417o'), ('F8FB8821840BF', 'Efc76c6b308ad97e9fac295f3o'), 
('D04C508058A82', 'E727761642d8251feb715fe69o'), ('6431EF963D0AB', 'E9d7d859f64252bf8d93a75eb497b9775bo'), 
('ADA76E23C3419', 'E7a3dee7d3d8879be24343b96o'), ('1750944649BC2', 'Ed7d85b3c44bf1a3f043e96fd91454116o'), ('A2877A092D26E', 'E130e6bd571bffa62c3c1e71ac8o'), ('636816F0048ED', 'Ed7d85c627bc3ebecc68dd24fbcbb2a44o'), ('EDE9F7FEF5873', 'Ed85d5dc08249e80f435bda8c856ea7o'), ('3DF6793587738', 'E6ebe029bc8d8d76927aa1f4cao'), ('9218156D5734A', 'Efe0938a266bb873070dd7e56o'), ('A923401D04559', 'Ed85f37575417bba703ee860701769do'), ('F405B5DAAC123', 'Ecc75937418025236b111e7c77co'), ('569E75D15B296', 'Ef84949e28585247e3b381ceo'), ('624B06F0BD447', 'E8614658e59323adc0cd72f6135090o'), ('CED9DC7C51671', 'E861fd87b957abfcc95b24cbca0307o'), 
('7FE1287F1FB86', 'E7d862b8361f7d78d1377657b5faf516o'), 
('FEA738073AAB0', 'E7d8634a764dcd41730e6c45186c3435o'), ('CA3138A4A8384', 'E863f15110f8e539a211758f11b4fdo'), ('AA251D52F6AF8', 'E86470725986afbd9d4244877ca37bo'), ('B215138A977E7', 'E652f19ef7e29948e5e75bd2cc9b2o'), ('9216D179E83AA', 'E8f428bafe7562c724178a5385o'), ('E5D31B9C76F7E', 'E9d7d8667c3f5725f03af79f069dcc8a1co'), ('1463E5E2FC2DA', 'E6e80e5da8d005c44f0330430824o'), ('3C694695B76B7', 'Eaa4b3271c67fa52014ec2ee9o'), ('A64FB394D7F90', 'Eb5b171107a632b2a137f9ddo'), ('7F7C5B4EC9877', 'E84a0edc8a431e8f3d4efa53f8cao'), 
('0742947B1B23A', 'E7d868d67de373fe36821a5085dd6914o'), ('646AE174FA126', 'E01fb169221c7062e4ffac06o'), ('0555355CD8E1D', 'E86a0b52af962d568b5d29f89d1feao'), ('82E3C291756BE', 'E9d7d86ac621bf55c3ab01b2ac0a41b1bdo'), 
('5DA88FADEE6BB', 'E7d86b483e49755aab3a08e2cdb69be3o'), 
('1B0D03186AA5A', 'E7d86bc3c3a020ae43bbe8b890763a03o'), ('8CA45FA665652', 'E49c9e589cccbac2981ffdbe4o'), ('6CDB872951113', 'Ed86d3e0ff8006f2b628f4eb5ea19f8o'), ('4A9B592D352C3', 'E9d7d86db4c70e15b3019d362aaf481a01o'), ('5BC6A0689A677', 'E9d7d86e6ea2b9eb52562b3b1dac017e8ao'), ('37025D2752E04', 'E9d7d86eb01626fc87bded2b6c3fa76805o'), 
('661FA956AA783', 'E7d8700afd4fe95bc99d3223b5bd0b62o'), ('D5BD43B3A4C1F', 'E870a30ea271630df70553ede96145o'), ('8725EEC1ED05E', 'E811e9c476aee9b2ead3cb3b9o'), ('69C064B69CB58', 'Ed7d8712275a26adbb4881d07dece65b7o'), ('869968B93EBD2', 'Edbdfe3160825e7773d345fde42o'), 
('A937C44EBD660', 'E722d02211179e3af013f707cbfabo'), ('C2F19D2A07930', 'Ed7d872d59262420ed8c1504ac44fe3ebo'), ('BD4AF7E15C90F', 'Ed7d873121c9ea5b857fde1dd10922fc2o'), ('8F15F0464EACB', 'E1172a4828e4470e2714b88c8o'), ('DAE57F701CD36', 'Ed873e991bb8112b0b2b7c87619c4e1o'), ('2225DBC00FB83', 'Ed874191f1a4c3c0678443c6d7fe794o'), ('7067299DB5A0A', 'Ed8746fc7fe7d5697fad34994fd1621o'), ('81F66688C439F', 'E8bbc5c008425da45e2fc3921do'), ('873495D69088C', 'E44cacaf731938d5b71dc98b68o'), ('2907B198E646B', 'E9d7d875ffc9531d8ef42814fb63de6194o'), ('848AC16A99C33', 'Eb9ca8d9f50d16cfcce5d5e5c6o'), ('875EC90518F21', 'E87778086ac2b5f9c293a770416ee1o'), ('25175AC596FF8', 'Eb514bec58e6d41818cb56a07o'), ('C50C7DCD9E862', 'E3378f52b0265fe65524e1d74bo'), ('BAECA667D8402', 'E982cb77bd8fc99dba93683eo'), ('EEC92A82B93ED', 'Ed7d879e6ceb51d5680732ee651960f14o'), 
('2F5DC1414C10C', 'E79d116e583721fafdd20b59965o'), ('42EDD0E461CC1', 'Ed87ae1866ecc16464d8bcf5df414f8o'), ('2A6657D270CAC', 'Ed7d87ba7417b03f708e90ba79bc94e51o'), ('0EA604F57AC27', 'E6f139a058095e9c81d4499ao'), ('982AF4AB307BB', 'Ecd8eee02385df44a454e8c4ed2do'), ('99CA374589269', 'E968de806a272b14678c32aeo'), ('CFCAB53975E55', 'Ed87e4c38b5f91435cff851aea146f3o'), ('35E9D5E1FB514', 'Ea72bd98f98f42bee0a80614ec0o'), ('3D67EFC9BC2FA', 'E9d7d87f137d1a7659fa50e0de9a19af8bo'), ('10AB63280284C', 'Efe05bb4da7e829fa1b2d9fco'), ('96A9F6207120E', 'E880fa64c52f7ca6d9d5b54c9ba36ao'), ('358D0935F5087', 'Ed7d88176f18007d44581048215d0ff1do'), ('A3CD505F68E30', 'E9d7d881f39215df249dd751134586797do'), ('3515BA985C7BE', 'E9d7d882b31903c721ed952451ef5813abo'), ('AE14E26A216EE', 'E6a52c077d189b2bf57a7f2eecbo'), ('5BBCD2ECD2BBA', 'Ed7d884269ea360c32781a6f356ad3189o'), ('38D1C8D47D7EB', 'Ed7d884e2f6fa34564f9a857b077d87c8o'), ('36E063FA0CF70', 'E5a0cdd976df017a91f63e7e4263o'), ('32D5DEDFFACB1', 'E861ac1d5f097686f15b4d5cb0f19o'), ('BF253DAC0D1F5', 'E886d50f4331ee392b59076793bf05o'), ('7F69CFD12C791', 'Eee29b259b358d94faf66dff2o'), 
('FF9C56F7F0F46', 'E7d887f26cde30e4546abfa4a39e3fdfo'), 
('940D7400FC3FD', 'E7d8884e0bd5cd5363465ad86363bf5ao'), ('955036F54A35A', 'E3a58f39c789ce7b353ad65do'), ('EBDB8A458186A', 'Eeef91d96be5270f92b838dao'), ('C6F764F395BF6', 'Eff7e3d60f2e4180cde8ae9892eo'), ('F1322F809B536', 'Ec0772054a71f29f2a500b062o'), ('E44DD1CDDBC5B', 'Eb8861e43864c12
1b88950b1b28o'), ('E79F8077EB4AE', 'Ecb2e814583271d434b8891371ddo'), ('C90F35B770DE5', 'Efa6a217ac6df963558a23dco'), ('B229B64C1E8ED', 'E88e2c3c8e62a77c1c01acac835cdfo'), ('68B9CD227C254', 'E6e3097bf0c62ac7bcd7cccao'), ('9B2EF06A7A8CC', 'E9d7d88f5f08946318f2b9fabb790c739do'), ('FFA6CA3AB2356', 'Ed890314942d8f7864a3aaf347050dco'), ('86F3168FA93CA', 'E90dc4eb50d5eff709fb15fbd2040o'), ('BD09F93BFD640', 'E9d7d89193895fbace908b1fe7041b7a99o'), ('FDE311D30CBB4', 'E24ff6506f6fa74abbb737613d0co'), 
('A15A4128F5DAB', 'E7d8930aeff95d842ca0803c23ed4f04o'), ('8CA183CA4F82D', 'E9d7d893c5dfcdcc5d2c6380c4824e2404o'), ('E0D03E5405F67', 'Ed84e4943275e9363c4c9c59eo'), ('766879B7C2D25', 'Ed7d894598f5ef5d18ce0e29c4840798bo'), ('001A74D7312CC', 'E8950c6d983df3e507ecddb8697fdao'), ('56EAB7B6F15C5', 'E9d7d8958087019426037ce1c53466cf0co'), ('7E81F2339313B', 'Ed7d895b789b8c51f883f06aea545dbf0o'), ('5EB89DA0DAD84', 'E96730fb9d4fa3cf5ec97814f69f8o'), ('BAC570A427E41', 'E16e6a2eeabaef21aaf0729db39o'), ('E04DB322BF302', 'Ed8973637c1aff0ffed74fc58b73574o'), ('B6434705F15E1', 'Eea22c51a295afec66ae2a6508bo'), 
('332661DBFD225', 'E7d898e344198f5ba595b513921edc49o'), ('9A942BCF66B75', 'E90efe84a05905d102c17ecebco'), ('4E88C34DAC055', 'Ed7d89a339bfe9c4b78fdc22f74706ca3o'), ('9575FC3EE1FA7', 'Ed7d89ad79ea1a59ffee79e7bdbd52effo'), ('C0247B994CC61', 'E26e9aef919c075a523e8106o'), ('87AF0199E1467', 'Ed89c926929118f0a390c22a995b1d8o'), ('32C3AFA10ADF2', 'E9d7d89d4ae7b5d89810aa59625ead0623o'), ('F8DAE96F95250', 'Ebaa664c050a94b3f8c939a1o'), ('8FC8291137541', 'E6e3ec89e5de72eae2045c86o'), ('C301FE10F4D5B', 'E13b304353880788fb33a0cd8o'), ('6153197C637E3', 'Efb991465d41d24a6c86b56d8240o'), ('E6B1F36A2D031', 'E03986de987254febf231c5061bdo'), ('DB78C9F8ED8F5', 'E56b7627dc1fc169944ece824fo'), ('0CAB47D04A1EF', 'E9d7d8a174a286dd0d35fca4126fe4ff5do'), ('23E1A9246A01A', 'E1f3c155ff4fc93ae9f2adaaf56co'), ('C95E9FD043FFA', 'E989d7b18a43ce9684b14b9ba1o'), ('C3F916676AA27', 'Ed8a32608bedf0caad3314be33a2d5fo'), ('3AA63C5E78DD4', 'Ed7d8a35a419935444ab28b5e670b299do'), ('5AD7E3209BEB1', 'E430a695acf19946bf699afd36o'), ('4D16F71C8D1E0', 'Efafe87b462c4458e0da4c606o'), ('863A0EBC1AA49', 'Ed8a4fe513b54c58c1642c561b2b55eo'), ('E262BEC1741F4', 'E1912e2c1e889339bd248938fo'), 
('202D1E4605F9E', 'E738f23bd5ec668ce296392299o'), ('587025B2C7635', 'Ea65045dabfaec7149380f759a952o'), ('A584F3139C295', 'Ed8a6cd1e92927fd5c5ae886d3d415co'), ('6ECC83A6353C4', 'E814e382feb98623d769f0e0co'), ('887EBCF4247B1', 'E8082cc80342fab14ecf67aac76eo'), ('59D5136211BFF', 'E6ef54f6644890f166e93bec75o'), ('285F86AD132B0', 'E9423cce9ead644de60dbc66c437o'), ('1B33E36F06FFE', 'E3bb5e4123e4a367b20ebbfao'), ('CE4B9F549D97F', 'Eaa7a0f2409073602699374bde13co'), ('797BE87B966C1', 'Ea9ccb382f76c2f92dcdfb3f1o'), ('1ECC1A354EA88', 'Eb28cba3f3dcf6317eb2766e4bbo'), ('E00CBC1A9C07C', 'Ec698b6c2ee1f5fb3e3d46268db7o'), ('B55F1E8F305CD', 'E8c530f18650561d2c74ab4ao'), ('7F0008B74407F', 'E60e43891337adbf28ef0d1e886o'), ('E8F21AC5E93CC', 'E93c726c06dfebe811bbe6628o'), ('1104D15F82222', 'E870e351bf1b2349b8f31423o'), ('3A55FD00D92EC', 'E01265c60248c9322f5cb61b6cabo'), ('4C970AA998586', 'Eff9804395ab94b2f133c9bd8o'), ('A6E901A4DEDAF', 'E5723695ac83db64a5d384fdco'), 
('7E0C5CD2E7E0A', 'E7d8b176f08baef9ba6011ba14bf2f4do'), ('011B7EA74AC0E', 'Eb1d025b319ab7fd60423c8f2ebd0o'), ('D265EAF133F47', 'E2831d665df4393369f332e856c3o'), 
('D4FF1F3470EB1', 'E7d8b348548e86ce5cd1e96ca321e1b4o'), ('E62D6CA4458D6', 'E9d7d8b3b0f3a8870a44357885e22a6203o'), ('3085E2692125F', 'E8b451530522ba3549d20256f30a48o'), ('B5EA8556F19BD', 'E4cf1c02c1731d5782d771405d4do'), ('CB92E084F8672', 'Ed7d8b5533316ac5cc0364647ee530791o'), 
('3645777C2D79F', 'E7d8b580e56b8b861029c70712171e63o'), ('5776BA2CBBCD0', 'Eb629a21ddd7e5e7c8bb45898cd1bo'), ('6EA14AEBDB71C', 'Eb6a07a633b294a7c7f11fb086fbao'), ('7BBE5DECF605A', 'E9d7d8b7429c3f40980dcf227273e92bb6o'), ('96785855BCA30', 'Ed8b7e3c63a77d9d1e7464196ae694ao'), ('3578F8D081832', 'Ec0f83e0369d6929a5f4e26bo'), ('367A5271C1841', 'E8b95dd73827f42e3367028df68823o'), ('F081A83CAAEB9', 'Ed7d8b9b6259f222ba5942981b86439cdo'), ('67C8C7DEBE939', 'Ea34f79385b3f08e544e5fa6c49do'), 
('4A1F2AC34FCDD', 'E7d8bad83f01f1cacd80db42b31835d2o'), ('DFB6DC5841EFB', 'E10c93976ab6fdc59ac81c01258o'), ('4DBA92F1F0338', 'Ebbb42c68503dd31a3eebfbfd1149o'), ('3393E67D7A024', 'E50d2b31607ac40a7fcda26fe13o'), ('D3DC9B2FC0885', 'Ed0293fe78f260175ffd8030b972o'), 
('AA9343B101D97', 'E7d8bd2a799a5b3ad605f01125af3db4o'), 
('87E75611C2490', 'E7d8bdb35e6b86a3e134c3767f308fc3o'), ('726B2F66458DA', 'Ebe36ca95b97b204648729528d043o'), ('23B4D8443F15C', 'Ef39165dcf89cbf7100c592do'), ('8429CE376E5A1', 'Ed7d8bf1288bea3768238d2c09e5e9341o'), ('E167F519D6096', 'Ebf87b9f41b258496533e01dc12a3o'), ('AFB6C637F6E4F', 'Efb16e20f3e606213876d82c4056o'), ('34C10D2A6CFC9', 'E9d7d8c0542d1a303ce9381e70b9a7a8f6o'), ('34791A020B7A5', 'Ed8c197b5f259e46ac0cc2d2be0185co'), ('4CC1E20F9E671', 'E487f3824fd998c3fff496d8bo'), ('9F4662B56A0CB', 'Ec2e6a4e88d0128530df99fe23955o'), ('BC5BFB2C7BFF4', 'Ef7ea01af9c3a0f7e7a07022o'), ('6942EF8ABF953', 'Ed7d8c41ce83333048f8967b46b343c01o'), ('A73861E5400B4', 'E488b917845e692353d44d749827o'), ('012A311B23E29', 'Ed8c52c4c74094ccbc0a7b5f93d586bo'), ('0BFA944967ABA', 'Eced027986ee4ff7cda59d06ab7o'), ('C0A42366EA7A3', 'E30a790fd6689df6d4f6a4c6bao'), 
('F01B39D61747B', 'E711d7bea8adaa29e23da822958co'), 
('6C5160D3F0400', 'E7d8c7b5f872172dfb188cc7527e48e8o'), 
('822B05212D6EE', 'E7d8c83eefc34df8429e47892688132do'), ('13FB3846B174F', 'Ec0de62ad6aa2b20e649e747e41o'), ('A53D421022E75', 'Ec96b578e1f36ed8909546222ac83o'), 
('A09D91F25EB66', 'E7d8c99c1e2172c0beed4c2b43f785b4o'), ('3F750999D2A65', 'E9d7d8ca3b24a703ee7c7b982b087c8ba8o'), ('0A50E84287ED8', 'Eaaa0c014db5b533813377d2676do'), ('B1B4D9758A4C0', 'Ea92cdb40bb94118c33535ffe5o'), 
('6823367B6388E', 'E7d8cbb44810f1d78a2fea3c7553679fo'), ('90A49618E36E7', 'Ed8cc5752b660821ecb0de656b0b0eeo'), ('95DB2D23A3F9E', 'Ed8cd5e227bd7b7ca56ccc98e5d90f1o'), ('3662B1A1B7D04', 'E69996a9a0f1333480c6e2e5eo'), ('D367E0AEEB31C', 'E5c08d2adbb9bab8ffe42d3d0o'), ('5F0DC0D20478A', 'Ee7f977f1468ad107acc53d70e62o'), ('A029EFBDFFFED', 'Ed7d8cee4bf7661ca79cfe1b13c0b438do'), ('EA5E2BCD9C5B4', 'E8cf850e9e7547f18e78a8f9058b19o'), ('57AC88EBDDAB0', 'E02643595e50aae8ae62f229c6d0o'), 
('3E552DC39D3E0', 'E7d8d06485f6e9ba8e0f99c253d163dao'), ('0F23F35E0FF80', 'E34643886e99f6c5f2bf74a04o'), ('60083E88CCFCD', 'Ed7d8d116871cf926fe389c569f1631b7o'), 
('CE4CDE8F380C2', 'E7d8d1a497e4b30dd14f17c48f425f3co'), 
('8E49CAFF59E57', 'E7d8d2461fd41fe21a1bb1cc29608a72o'), ('1E19E6E10B64C', 'E9d7d8d2ae866ec3a1528ced7356175662o'), ('B012C7CFF83A6', 'Ed031228ca63f7166c9c85b1dbo'), ('0A5411D58E82D', 'Ed7d8d389db8cca350b7b7a12b2a8a32ao'), ('15C15BBE22111', 'Ed7d8d42c78c108d125cc5518a1896159o'), ('1EC3E312CE720', 'Ed8d4a4f406e534fb3c36b9f7d0c8a0o'), ('8E138284B8028', 'Ed5a588fb094b5a5934cec709faafo'), ('F71339397A182', 'Eb9403ef3e0db92ea151d4177o'), ('493DF00F0B425', 'Ed7d8d66236ce9c9b5aa7ece382d53fc7o'), ('54F369021694A', 'E9d7d8d6e6f6a9e1e59283cfecdc2d2c36o'), ('EA181DC672772', 'E9d7d8d7735cde6d7a74c2f943646042ado'), ('6B408FB08F038', 'E8d7beea30e83ac2bbc0307cbd944ao'), ('FF1DE8F5C0D54', 'E5ee6d107ffd708dbe14046304do'), ('0FDF2E7937746', 'Ed8cb3eb257454bd82265a2342d0fo'), ('EDE5BCF5D2C3F', 'E94e352ea1960ca68eae54d75056o'), ('D0BAB2D4B688C', 'Eb0e460c01f218f683b2ac4bbbo'), ('C551A45BBACD9', 'Ed7d8da7ce051169e20dd481cb8f143b8o'), ('AC4F4B7EFC165', 'E8daf62083a5aa677393a9f415b6c9o'), ('5306883CBA7FE', 'E9d7d8db88c35b36a51acdc5b48d72a2a2o'), ('BD3C8824B19A6', 'Edbf3c9d711cf877052841965d497o'), ('D963F63D97A78', 'E984b68702d9b196eec30f97bfo'), ('F6497ED3CEABC', 'Ed8dda54418f71e1c3fdedbeb5fe02co'), ('3FD32B4FFB760', 'E8de4a18728b02bb64885232a45d41o'), ('855559B620213', 'E9d7d8dee8898ce58ea6c11225404dfb15o'), ('C9DC2BE914985', 'E670bf66f5ca28b04390aab13do'), ('EA8D2F40B025C', 'E0679d56087d04f97f51041co'), 
('34F0D7F3D01ED', 'E7d8e0a2ec4aa88c7016c93fa974b7b5o'), ('E14C8800E8D1F', 'Ede0987673e5eefc151a450f2e2o'), ('CC8C2BA1E7C9E', 'Ed7d8e289e644435d00ca9c46ac545f5bo'), ('AAC6A0756AFCD', 'Ee33bc3e5aca451e746e53d6e3227o'), ('7226836F84D07', 'E82323ae75805a06cf344b9b8o'), ('1DFA992A29517', 'Ed7d8e42c3e06e9d5d473b851b36cca47o'), ('B8AC7089E2F16', 'Ed8e4ce8c9864cf9b85841bf4521d4eo'), ('8BF8EA4059E61', 'Ec01f5ede7b85e6e977c77cco'), ('F35B8F1F17D94', 'Ed8e5dd5310439768e4d5d6767ccfaao'), ('7364C03DA2EA2', 'E64cc2926a0b83a536f23f53ec41o'), ('A75E1A8B26DC4', 'Ee6ff6c706586f641a56b638f752bo'), ('F24CEDED4F360', 'Ed7d8e758b5d8079c9958bd2ce0e5f1c6o'), ('68A7A83CE4A8F', 'Eb6f5234b2dafdee014d86d123o'), ('B5CCBB567B53E', 'Ee8647dc08006de8cad31c2be9970o'), 
('8ADF416BD8E98', 'E7d8e906a5d5ce04327d7001d1eae80fo'), ('4BE0E06234536', 'Ed7d8e95a8e0d28ba07ea8f64c971aec0o'), 
('676E9E4B25FFA', 'E7d8e99ddbcc83e48d91dc2655a81a86o'), ('C2F4C663AC2C7', 'Eda830fc6c9e22679cc5b1d0394o'), ('18C1470F5D705', 'Ef80b5c4a824327045602080846o'), ('FFA8621394198', 'Efee43f99596de3dfe1c16c1o'), ('039ABDF03237F', 'Eb7335ecbe9336c05a0e704d5o'), ('FC5319AF0F196', 'Ed7d8ec027b35c80a61c14aa9b4af2dfdo'), ('870F70318A64C', 'E87e6b0b056161026e489ae0o'), ('4890B86814194', 'Ed8ecec159dbc48a0a58d8c67d85a87o'), ('3476FA9FD325E', 'E6fd7de27cadd7dcb6680bf08o'), 
('8E4AC5344EBD1', 'E73812e25391427d4366a8c4ao'), ('CADB506831E57', 'E001c2bc7ac51c2c08c52fca98co'), 
('C853D9CFDC664', 'E7d8ef75ab96016a3c4ca0cfae3bd9ceo'), ('4B9F23CB5C8EE', 'Ea917ce4bf4d2300f51437329o'), ('B61D56DD9237A', 'E8f07216b9131c403c93d0ecb264e2o'), ('B73AD768FAF3D', 'Ed7d8f15996d7accfe5772f99d53c68d9o'), ('B1B2C95CD433C', 'Ed7d8f1920a8f419cd6a840a29fe7723bo'), ('2714CE7351E84', 'E9d7d8f1c4953e19d7e381924ac66f05aao'), ('B00FFE978B9BD', 'Ed8f1f59edfaee9589444e99a46e784o'), ('726DB23B3A7A0', 'E9e9318fb0018a6f77f80d79abfo'), 
('2DF42F7DB0F8C', 'E7dc308bd57c0c6caf9331374o'), ('9AC5067D598C1', 'Ef3a976ddd5680967730d39ab19dfo'), ('30D99F13C475B', 'Ed5749192d3e11762ad27dd3o'), ('A0AA985F146FA', 'E97ad220160f4aacf69650775o'), ('321F2096A59B6', 'E90f73b584e73c14529f91f6c9o'), ('399C226D34665', 'E16e6fd4c293e8944f74b8d1e079o'), ('526FB6689634E', 'Ed9024585dfe55907efafe9d97e5a69o'), ('9E12AC132DC32', 'Ef3eca251f0427afb5d2ede0o'), ('A8F3BBE4753F4', 'Ed903c30c4adecf9c846bb3d0e36c8co'), ('A46D2B806C242', 'Eab3260bf7e67dad8104544a0o'), ('2D43261B4F025', 'Ed7d905091235153436778674352e0ad5o'), ('79CF29E94AF65', 'E905abc2b6faee0d2547f66f3431e5o'), ('76BE82A7122D3', 'E9d7d906149ffa0894364b4aa9563169abo'), ('3E5D06952A8B8', 'E1afa9c906312e6a94bac10b9o'), ('A6C5F7AA4B067', 'Ed7d90753c5692bcc13dbd59dee0e9107o'), ('F3130DACAFA84', 'E9d7d907fef88145cdd8fe32b34f52081co'), ('C7949CE45A15F', 'E613e5c7032c94c71e6b0bbb365o'), 
('DB7598317E17C', 'E7d909033c99b42d3001a6ccfadb1378o'), ('EC579A4C5CDF5', 'Ea3731bcc49377ae2de74f73o'), ('CD634361D7B35', 'E081a84601ab6dc3e87c92b5o'), ('62132A044E7BA', 'E9d7d90a901ae19d3cbc99262edce6ee61o'), ('7AB5A0C511A69', 'E9688fd0e60df5a27c057d124o'), ('C245450F7AC56', 'Eb58f8a7656f1190dfc9fd5c72a8o'), ('31B084C73E528', 'Ed90c2cb8fa562ee574003f7e1aeb11o'), ('AB51EADECD281', 'Eedad929c873160bd49f6e45c4o'), ('D680F7FBCC805', 'E456133e87d8767bd7364591o'), ('6CC8A46FC291A', 'E90e4ae279fd29c00d55c8464d849fo'), ('535D9A737B917', 'Ed89782aad5a865600b1f75c6o'), ('D167BF659FA11', 'E9d7d9106df7b565dbc83f26ce4af6629eo'), ('15455FBA5AF4B', 'E438b9a436b26d7b2205d5860ao'), ('5BFFE467B851D', 'E1185e656e11c6d1b1069b8148314o'), ('3324D85A31BF0', 'E3e14453c7edeb37d3e986bfco'), 
('0FF2B5BBD84AC', 'E7d9124b6f41357f4f9055a7add91bbbo'), ('2E81B515219E9', 'E912eaa4da4e579e46b3c9a4806dcfo'), ('FCD8E9220D0A8', 'E400f17385fac65aca0f297aebo'), ('EC20F76B9E379', 'E8f1264d31ccd9609925548do'), ('218C85C8B5B26', 'E153557343a1a4952c709aeao'), ('77D412D9D617F', 'Ed7d915099948c2945a9054e1f8c755dco'), ('629D72BA3F5CB', 'E0eadfd41a89833fff87fd9fo'), ('8A39F3B61F041', 'Ed916830aca68726187410d8cfe0664o'), ('5DBADCA3FAD8F', 'E28f6ccc417a1a4759014a5eo'), ('E09580AE0342F', 'E9d7d917259687bd45138dab0556a3fe9do'), ('EAC9A437AA59E', 'Ea28c67e3590da41f86cee39a7bo'), ('3D47B9E5792CB', 'E95d7f11e6aef56afe83901eo'), ('21E5E02F2770E', 'E9566600d9102e8fb1a77582e2o'), ('988AC91757428', 'E9d7d9194d693c0a3b0d8d
81bc4ef00325o'), ('E751C78691934', 'E9f2d8f2227fadc13ddc9f97be99o'), ('7879D313F5C25', 'E84a66eb2e2215ce85ec8991o'), ('8781E40A8385F', 'E69b68a7829826735fcd5d94o'), ('8B2F30E0249B6', 'Eb9358b766bca242dfb5a3033dcfo'), ('0B07BA6216466', 'E9d7d91c3242be2d5e17f34d5701027c94o'), ('B9C1913C22E6E', 'E39c56206c2f5c7675e160de2o'), ('B375A5CE3FB03', 'Ed7d91d41a30bb51281cff02dd5a5afc8o'), ('55E09E287FC21', 'Ed91dea457b1c3a840fde22dc380623o'), ('F0F4D9FB71AC1', 'Ee4f9f390faf754ca2cfa8058b94o'), ('3C40EA031FECA', 'Ed7d91eefc932e09fafe788b220090869o'), ('7476A9272920F', 'E6732beb39285132aba7a4a111o'), ('7DFE7B3B50AD4', 'E92036e3bbf90989b1c6d2b2ec7debo'), ('E3E6ECE84D65E', 'Ed7d920d72051d7c6d5d9adb73d70ae19o'), ('9CFAA44AC0830', 'E2178c62884523fa24ccb9f43a5d6o'), ('45DF8B703DE94', 'Ed70149a800514b0cf696f1eo'), ('F1F26683A2E6F', 'E9d7d9232ba572a5cdb03ede042c00c432o'), ('EAB4D5DB1E79E', 'E6d0156a50a92b9558cbcd8d619o'), ('C5897CDB7FDDB', 'E9240003e2f4c8c988ff88b07d1048o'), ('B9EAF7C97409F', 'E32ef6c4db3af391874abce3eo'), ('AA38FEF46BF27', 'E45ffe51c99348d1d49dc67be38o'), ('1987B3AA3D64B', 'E925e5c835c0ce00d6651c2cc2d914o'), ('29CE855AD73BF', 'E64970286c388845c0cdda36o'), ('8869D9F73E39C', 'Efe24cb0d6749560dd98e5ab0a5o'), ('DDAEEF845EAE8', 'E5e22b3f4d4f4d190bc217291a8o'), ('F569EB2403971', 'E28ad76a19ef24970fa5708bbo'), ('F465112766673', 'E36f83af181cb7e4c8c96326527o'), ('93BF291CE7102', 'E928e980a2c1583d3c67f76c0111fao'), ('BA152BC798962', 'E5bc9aec49b77aed1139f23c4o'), ('5F1985359E04B', 'Eb0637a35d909242492aaa4c914o'), ('9232CDF31E4D8', 'Ed7d92a5213d4fa9312592a85f19c9bf4o'), ('4675BE05832BC', 'E23565f59d5d4f3d1daf95266o'), 
('B626281D00649', 'E7d92b7a6946807d2504196716c053b4o'), ('B6104E72A9025', 'Ed7d92c08fcb5ac21c2ac54b33ecd52d6o'), ('1719F40B60997', 'E5470f706629e2cc9349f500eo'), ('139611AC9063E', 'E5f85ab6b86fc8d76f58d295c4o'), ('D7E0099D37ADC', 'Ed7d92de7d92bcbb5100f78a025a5d657o'), ('9B9935DBEA08B', 'E99f354e949844ba4cf5a78ead6o'), ('07895BC08CFDE', 'E03467f296a7e49d1aca26ebo'), ('AEF6AEDC5AFB9', 'E92f2da3b1fa2e4eed427d9ef2d07eo'), 
('3AE3EF4126CE2', 'E7d92fcf36459416bc8c3248ee11581eo'), ('2A4F8F6A98E88', 'E9d7d9306f933b6523a8ade30244883899o'), ('DEF1448887C9E', 'Ed7d930a619f60b53070a538a63faafddo'), ('80CF293C108EA', 'E1a1daf72c31e81821c966792f1o'), 
('4AADE7A8DF8E5', 'E7d9319b270ece0052418a2302ad35e3o'), ('9987078688AA4', 'Ef4779acea4ccb78dfd21c6c5f4o'), ('F7C7C9C08170F', 'E61b4873367d09d
1cce255f5a48o'), 
('E730B637CC20F', 'E7d932c6d01c6e7afb02bc6b721c8ea8o'), ('7AFC7CA146A3A', 'E9336ae2a9dec99d4a01c87b143252o'), ('91A55505C67F7', 'E9d7d933e6b0b32c7a436927a5de0546d8o'), ('F6D3F0DC816E2', 'E9d7d93441e8400a37713efead10a592c1o'), ('768D15B444AF6', 'E9d7d934abda599415fec69dcc59e35829o'), ('65C118FD2DA5D', 'E354d90be1e0a0f705df9b7cc1bfeo'), ('FFC28DBFE1BE5', 'E157a9acfeabdebba27a7b59o'), ('537899226CEF2', 'E0194aad09947af09d5462d8dfeo'), ('289C6028D0AD4', 'Ed7d937bff79d1185c9b0c6f625e1a1f3o'), ('0235A8547E2C7', 'Ec932ddfc03375d13ca4a36afo'), ('F3C653CCC6B35', 'E938e596e772ef46bc628cd749869eo'), ('BD5B3BA451C2B', 'E3986c2dccb9adcfb3e1ce4b19ea4o'), ('8BD12F625F609', 'E28992c0b4f7c4159a570e62a65o'), ('0CA19A713B0FA', 'E9d7d93aca6af7d9c7a3b03d06213c9635o'), ('27F196F07375F', 'E6e0c03ece1fe63a0c4a0827061o'), ('1269D7A7D6610', 'E3bf17e48376c93bfbd5c04c9dff6o'), ('6C39A2AAE2DEA', 'Ed93c7db0c595f7bea0e97dedd02011o'), ('6305B216F78F5', 'E302cab83d11693a89a165d60bo'), ('16411A99425B7', 'E93df331a8a2e5bc964a7295ea9d46o'), ('9447742075D37', 'Ed7d93e32e3a436d69c10250f205a4238o'), ('FF2D392A6AC2D', 'E10ba0930642d24a66f9b38bo'), ('531E165ECAD17', 'E9d7d93f043cf67f27433cbb85d1d7cf79o'), ('3CF28F36CB646', 'E9d7d93fa2c181aca491f25b334d700ca3o'), ('CDD3D95ADE28F', 'Ed9400e8fa16ec030bfba1e02ff9890o'), ('50EB54044CFF2', 'Ed9407d871696d484b3c5295d6dc5cdo'), ('E515C93A5D3F4', 'E9d7d940e6a682953f6615ed2254dbe6e0o'), ('239D96ECF7FF1', 'E418d7f64fbad3e0a0bf9de3bdde6o'), ('A7EAC2403579B', 'E89db07480fa51602e857728o'), ('3223DE8FD1CDD', 'Ed942884d1b747fefaa8a2663bd6975o'), 
('1C40F22179F93', 'E7d9436079923329f9ba7099b0834ee2o'), ('55B6EF8ACEC6C', 'E3da1ea4e5d662d17f2b12d1d1c3o'), ('0C99597347FFB', 'E4488d202394c2742496a035ade7o'), ('FCF80C4CC4E40', 'E4ec4ce8b7614829e85dadd0ad70o'), ('CFC38EDA0E52D', 'E8b98c4d69e44ec823b4db1f5f8o'), ('7106A37F2A1F8', 'E2fa9c865d8be592d326385dbbfo'), ('1B2025628C3A5', 'Eaf6dc068b74125448d44ca6f1eo'), ('DEF51FAD2F476', 'Ed7d947068eb2f8edabf84e92b1f9d0d1o'), ('C98729E8391FD', 'Ea720af0fd3d407548be131e733o'), ('EDC76A46E64CF', 'Ed94848977801ac2f2eca585e338853o'), ('0DFC5CB215E4C', 'Ed948ecd6654b5026d3ddd6f767b114o'), ('61095D0F4412A', 'E4980064f762d313f47843f9fe2e6o'), ('3247930625EDA', 'E67182d4f1c5fcef15d8ba6dcdo'), ('812B7323D50F6', 'E477a5393c350d728e519613bo'), 
('370882DA563AA', 'E7d94b3131d4ef6a33cbb55f61944d11o'), 
('C619583296736', 'E75097ea72cd06118afc216f0o'), ('14F0FBCD45C3A', 'E4c20b9f25ffee59c95d9cbe6d4f9o'), 
('2393A0467350F', 'E70632f0dd1e8cb30ea39825e3o'), ('8199AE9B53512', 'Ed7d94cebb7dbd54b5886b5800be8bcdfo'), ('E14236293BCC8', 'Ed94d56344643c7d53f4fefb82484a9o'), ('132E44DC64226', 'Ed7d94df63ffdc8c04b4850a6b167d466o'), ('64365E3E20055', 'Ed94e8faa2bea183c8db460202cab75o'), 
('5C978ADBE5EC5', 'E7d94ee54ff20e9c9386343ccc60ef1do'), ('0F80400DE6D0C', 'Ed7d94f60657d6d6f3a00b71c5a0c934bo'), ('8A8D89890B668', 'Ed94fe0ab1a93ce837d2b34ba7d7727o'), ('5FC0B7CA1BF8D', 'E04998917a3c4c10894fa93d49d2o'), ('C64FB800BDE8B', 'E50b6873287a5728c75ed85757229o'), ('F8CFF21F5DC1A', 'E95122fdc9ec1a5229fc9a24983f31o'), ('22B8D774414C1', 'E9d7d951a532acdb920d0b718e46568954o'), ('E1B1C0C9B88A3', 'E95231331c14c921d3a2a1067b1eceo'), ('F11F7DB724EDC', 'Ee2fcbb452b606a41870c0f54b3o'), 
('3FD02C2E20522', 'E7d9533cb1719393735641ab5dd8b5c8o'), ('54909E4999674', 'E9d7d953deccc4ef622bb91f503ceb19d2o'), 
('9611B561EFA67', 'E7d9548b6371b736e5b58987ddcb8c8ao'), ('29BD896F481A3', 'Eb3e973ad68499565d945fde4o'), ('B5BD1221B56D2', 'Eecd208a6d1e739b990ff5b24bo'), ('16231C507FE86', 'Ef1789d9586264569aed8f008o'), ('8F593BD29B626', 'E56a028abf7711efd7ac5152fa401o'), ('5028B75910EE5', 'E966cd808bacb53e5238e76eo'), ('B4E0A35976336', 'E5886b72e1712c35ef688ab68ad3ao'), ('4671DE9CAC984', 'E551b3da01e6c0997b1b952f7eo'), 
('2E1336DC2E83E', 'E7d959929c8818f05ed45aceb528388bo'), ('FA13AC3933D70', 'E9d7d95a3266234729dd934fa31f1ce9b1o'), ('CC265FA307424', 'Eacc297235f1e615fd0e5dd41aafo'), ('03604C8F73F68', 'E9d7d95af2273c6051a32b4e81e60cefabo'), 
('907203BC22BF8', 'E7d95b1e64db904a1cb7b92dc15a1218o'), ('36E3CBFBEF5C4', 'E5bab105141b6fb3c85cde35eb82ao'), ('EA9B21B959E7C', 'Ec4e9f736ec4bd53a1474f883423o'), ('999C30D25C6A9', 'E572bc15497f3a0c674c846eo'), ('D085728CE5C07', 'E5d04014dda7d537d7ed308ebebo'), ('73B303EF931D9', 'E0a95516455641d4876b058dfo'), ('4622ED1D378D1', 'E9d7d95e9eae65d9bbc604013b4ce179b8o'), ('C7C1C5EE144AA', 'E2a8cb6cb3ebd99d7def7977o'), ('809D67AFDE3B8', 'E9d7d95faac9e6ecd96ca4a9a9b0dd93b8o'), 
('90B65F2AE07EC', 'E7d96029ef64fed4cb4b3042dede63cdo'), 
('09340A8EFCFB4', 'E7d96084eee8ea77a538705c36c845d8o'), ('EF79D89EE2EE9', 'E293f12bae85516c13f8695e917o'), ('D3C12D4C90A76', 'E92132d5a4689f4e637c7c115aeo'), ('DA54BCCA49F20', 'E23722f23b198e2d119eebd25ddfo'), ('A9F58666DCEC4', 'E0a1ec072e02e4e74bb53b70a2o'), ('66BC37AD21DF7', 'E9d7d963b88185a9f5ac8572696cc2d47fo'), ('3D0710FE55F80', 'Ed964199857c279fbf33884bdf9e3e2o'), ('9B69947CDE176', 'Ed2680e6487fd6e7b5d0a956o'), ('AB6C6D925AA70', 'Ed7d964f7c812f34bda4485f084550d44o'), ('60157793AD3E5', 'E659627c2fda6633a4a3a5629fb1ao'), ('8968469DBBA78', 'E8c172f43d3a9240fa2c46348o'), ('8325E61936AAC', 'Eead7b0c24809781862870ab4o'), ('E0F408AB2A854', 'E966d8239c8c6fe8649cf5b45efa9eo'), ('FADADA063B26B', 'Ed9674305b91e92f9bf8efe3ca9653fo'), ('3BE9C0B6FEA45', 'Ef91bd0ab69e89a0a63a9965eo'), ('56DCCC846B343', 'E949b3b75fbf10bf5b641d59o'), ('935702E3FB864', 'Ed7d968c1d115d43076c79979cc91f183o'), ('28C17252C0BEB', 'E9d7d96948d2b6917b84f4d9339cec2d25o'), ('1D16E9776EBF7', 'E92b2d20fc5865466fc3f7a9o'), ('7CD3AD565B5A4', 'E3cbb13ac17e62efa66cd3e8e5bo'), ('91CE76A38B33E', 'Ed7d96a8f4fef6d1d1f149e3e6321c62fo'), ('4BB0F2C44638F', 'Ed7d96b0f2fd007788e40ff7956736adao'), 
('0D9A7BE49BE40', 'E7d96c896c1f3fb9c2ded8d1a91aefb7o'), ('5EF7ED44B0129', 'E0a43dcf4187cf8ea22e52c2d14o'), ('69F787D6E8D90', 'E9d7d96d61addb8bbf0feb7c8856b5a15co'), ('4B7A5A842CD88', 'Eca58fb489931fb438133e758o'), ('E2D18BABB61A0', 'Eea3ef6cb17a969f3b69c097cb43o'), ('51EB04C123AE0', 'E9d7d96f4f18f1bc2e74afab38016ab8b2o'), ('DB2AFE9C6774F', 'E22675f68b738ad113c126057bo'), ('18707C2D1C349', 'E54fd5a80c9e9a88928fbb5b75do'), 
('74B8FA0C29B72', 'E7d972072cd9e7e3450425914b357b12o'), ('986E446743965', 'E9d7d972a3be22eaf0ff76983da1aeb99bo'), ('90E5E8365E4D0', 'Ed973492dd1203721242e3c87aa05cdo'), ('196B923ADEE62', 'E117bf90dbff633f4cfb7feb5o'), ('997633F426B81', 'E1f53599ab41b9f94fabe406c92o'), ('B193616C0C94D', 'E9d7d974894b9f781e404c961c3adaf1c0o'), ('1D4253C2B8040', 'E6b3bf55ea7b8c1c96f520edo'), ('16C884F80CB3D', 'Ee29b7171bf60003f19555a3o'), ('6BE3B786287C4', 'E9d7d9760cde74b656869f2d1e70e8d465o'), ('54AB1AE8DF316', 'Ed7d976aa293eb1608169e4e2ef29b60do'), 
('1354141E70ED7', 'E78210b253f396d66f8f427a2afffo'), ('B13D781A49506', 'E1136ead353bd3d0c662ce35eo'), ('0FB5DD9A92199', 'E9d7d9796522d486404f428a0d692d444fo'), ('AE59583BCD535', 'E90963de011a49625351df0f5o'), ('8F8650D1AC130', 'Ed7d97a4135a14baa78f3f9c067f52bb7o'), ('B15347676E1A5', 'Ec9aa9afae28d193354e8eaf8o'), ('934A6BFD64C55', 'E997c9d1555a5d5c2dda5a7f9bo'), 
('EA8CB75077E63', 'E7d97beb3c6a4ed83c5b903669206741o'), ('DEE5C53A9F9B7', 'E3665a4a778f17c42296af2e0o'), ('0FB9D5C043B4D', 'E8ce572b27e8f6374bc138c2f61o'), ('081C081CBD0AC', 'E19a21129eee8454f83dd980o'), ('245854630BC80', 'E9d7d97d6785a89a3a24731fb209ebf198o'), ('1477D0D66B825', 'Eda0dca6fd35802e8621fb615o'), ('03FAEE4D0E896', 'Ed7d97ea8d3c8e525b76fa0530decbfabo'), ('90274B993068C', 'Edfbee59f335cbd6c300948277bo'), ('F9EE05E41EF0A', 'E06cd01b99fec6d2bb5accc6co'), ('472E7AE7851AB', 'E2dbcf688424bec84d3ce44do'), ('FD40A5365769C', 'Ed980430259043b53933b0e70417e58o'), ('AB412342D90E4', 'Eb35363b28c63580bedc0a95o'), ('01D19D77C9E1D', 'E214a16255c00ddd4fe0e6ab6fo'), ('6530479100DCD', 'E12e896a2fa7bd6f670b74feo'), ('C076D45C0F355', 'Ed7d982098c632b6b529505c3c478a0b9o'), ('616AAAF4F53DF', 'Eb6586eced580238eaedf19d05o'), 
('29DBABF0F2B44', 'E7d982e0b55830d68bfe93a1176a8042o'), ('2B30CF6B28963', 'E9d7d9834b98cf0972db91e05eae6b0ef9o'), ('D5BEFD6434562', 'E98491d1d32426dd79a58064dba0d6o'), 
('F72E64128E61A', 'E7d9853787e372ac89bdb1baa288e448o'), ('B91381CBA0E26', 'E9d7d985c78a8ae3ee00f34c05bd516d48o'), ('E95BD1F62FAC6', 'Ed986444e484383281634a338df8d84o'), 
('50CA57B3F00D7', 'E7d986ab299384a42dc864ddb6315a3do'), ('59E8A362732F2', 'Ed7d986f8ebb9e441975528a3bf91d77ao'), ('D80BD33BBA688', 'E18df45b98307107d820506ddao'), ('5BFE0B51FF0ED', 'Ed7d98829fd964cdd32daf056e05bf1c5o'), 
('3858EA3EDD84B', 'E7d988c6be1063bc1be52db33c750f53o'), ('E9077D1973289', 'E38bc68ea9aa4db8949c126413eo'), 
('8020B06A9CAAE', 'E7d989d4691dd6defe6ad30bb7972622o'), ('0DBAF4FEEB056', 'E9d7d98a76d691aab61a74f5b1246d7256o'), ('E56EEB975397B', 'E8b17f8e07393999e5761eafa99b5o'), ('8DD7FF47D6AB1', 'E8bbc97d9dd702543c3184bb9d540o'), ('0016B909312CA', 'E4f15961f00666f3b4219caao'), ('80A3E1E485862', 'Ed7d98ccc8d0eedef0d3238acfa6c8dd8o'), ('3A1EDD067219F', 'E98d085d0669a76e268610167303b5o'), ('FBB4D1063A2E0', 'E154392e6d7be65fef23e709o'), ('F26F1A888C807', 'E9a6a65de3f62848050dff15o'), ('805BCB9F14085', 'E8f1c05933d3cf80b71fd2807a398o'), ('EEE7916EEB343', 'Ea90016a2a640502bb8a8b08eeco'), ('48601DBFC4471', 'E83d89695aa6d53b34ec173f0o'), ('24E127DAC9B50', 'E9138cf7f963bc5de666a4c3be0eao'), ('05C4D99970BDC', 'E9d7d991d903476a51b76ff77f6cbc83e2o'), ('1C51099404FD8', 'E42c1e0f84e219562ce4573a97o'), ('8D71F150D85B4', 'Ed992d550257055ae8f0d46ead06044o'), ('FC929CE3A4131', 'Ee0e11841374f4db367910e6o'), ('667EE5F8C068A', 'E189344b798abe70489beb8do'), ('F10FBA6CED1D4', 'E9d7d9945fc6d117baa3e8c89b17407ca6o'), ('05424C667DF5A', 'Ed7d99574bc8c99eb63e96cab44286c72o'), ('FA79392567B43', 'E9d7d995b0d10036157a56a468993f4a73o'), ('75BC90E11F543', 'E9646bedad60b3ec7ec12dabd9b6ao'), ('85219746C354C', 'E996dd57bcca74f8ed87f7cc686c17o'), ('D0CCA9C077932', 'E9d7d996fba5fdd78ce173e3b52b8ad046o'), ('B9A42A0E48C0E', 'Ee554fe62d6d2c57d95fbc3b5o'), ('EA690A727086B', 'Ee071c4420cdfb34470acaf8a20o'), 
('984F48A8C8EEF', 'E7d99a433202175173f5b40ec86ba79bo'), ('A5DB75E1F1E43', 'Ee8066236411ae618ee85bf6908o'), ('D5B97C44E0DBF', 'Ebd2520f01afff798c6cf27b5eo'), ('359086BD67CF0', 'E9c612f8a6e676c4e3f19c1dd2afdo'), ('296FB5B3D2D64', 'Ed99ce171f9449109b1728e77cdacfco'), ('F35325C391B79', 'E9d7d99d058440a316b4d7b4a86da7d3e0o'), ('974FF64FD4295', 'E9d707d33510a780f3e108acfced4o'), ('6266DC49245CA', 'Ee1dbf26c0783fbce7137bfa2ao'), ('2D182564C2CE2', 'E9e853473fce4bce8980af1881769o'), ('094DCC25E495B', 'E9f224f6a0c4eedf5c7476a9c8b86o'), ('E221501D5AC77', 'E1297b2680ed1a9d9c021b45o'), ('79409F86B8798', 'E4f6f2534fdc30b1b59efe38o'), ('5817B06E2ED66', 'Ea0cf100d02b83b29a3b04fca9e72o'), ('42091F9B8A002', 'Eb04fd92b65c627d44db3ba0o'), ('779B81CA0A6BE', 'Ea1de7ea224b83db9854ba64dd196o'), 
('4A41DB220D4BD', 'E7d9a282500a9e030cbaa2803d8f29e5o'), ('793C7C29A11A9', 'E71bd1573b94bac321929a7dc2o'), ('0D46E62130CAE', 'E890f539d8b94600c0d8abe9o'), 
('3D4570468C5F0', 'E7d9a4d0cabe539a6157d6f8d50d1866o'), ('FB1499E633541', 'E5760bc9eadaec853efdfab01c03o'), 
('3C312BBACFE9E', 'E7d9a5df01b6af0066985f35b7051674o'), ('5BCAC0D486260', 'Ed7d9a680a72c8be03991a83023511b63o'), ('F7272D22592F9', 'Ea75860641c48b5198c33183706b3o'), ('2167E01505A1C', 'Ed9a7fb04851d2b8d9aade28e33f25eo'), ('01A7A9A9A83E1', 'Ed9a89dd6c9a15cd517015352c84d1fo'), ('4E208C2AA26E8', 'E93fa4c7e37ecba5febaa93a5689o'), ('7F4ED6B6C7586', 'Ef856523d3a2529c5262ae0c5eo'), ('7CD6A9044DA32', 'E85579bf55dbb86dab58fa325a3o'), ('78C13121565B3', '259b163cb8c6aa9da419f1fe00o');

insert into config.recursos(recurso, direction,tipo) values
('boostrap.dataTables','https://cdn.datatables.net/1.10.20/js/dataTables.bootstrap4.min.js',1),
('jquery.dataTables','https://cdn.datatables.net/1.10.20/js/jquery.dataTables.min.js',1),
('Chart','https://cdnjs.cloudflare.com/ajax/libs/Chart.js/2.8.0/Chart.min.js',1),
('arixmeejs','echo base_url("public/resources/js/arixmeejs.js");',1),
('chart-area-demo','echo base_url("public/resources/js/chart-area-demo.js");',1),
('datatables-demo','echo base_url("public/resources/js/datatables-demo.js");',1);
('arix.configuraciones','echo base_url("public/resources/js/arix-configuraciones.js");',1);
select * from config.recursos;
/*---------ALGUNAS PRUEBAS------------------- */
select * from private.traductores where sal = 'A93B84EDB93CD';
select * from config_cuentas
select HEX(AES_ENCRYPT(5, '47d9647fb213dee9893b5889894d4a23')) code;